group,technique
G0018,T1135
G0018,T1027
G0018,T1074
G0018,T1083
G0018,T1069
G0018,T1016
G0018,T1014
G0018,T1543
G0018,T1203
G0018,T1112
G0018,T1082
G0018,T1547
G0018,T1573
G0018,T1102
G0018,T1005
G0018,T1021
G0018,T1036
G0018,T1105
G0018,T1204
G0018,T1136
G0018,T1071
G0018,T1007
G0018,T1049
G0018,T1070
G0018,T1059
G0018,T1018
G0018,T1087
G0018,T1124
G0018,T1010
G0018,T1055
G0018,T1201
G0018,T1095
G0018,T1569
G0018,T1056
G0018,T1566
G0130,T1190
G0130,T1105
G0130,T1555
G0130,T1204
G0130,T1056
G0130,T1566
G1000,T0859
G1000,T0865
G1000,T0817
G1000,T0852
G0138,T1012
G0138,T1027
G0138,T1057
G0138,T1588
G0138,T1016
G0138,T1106
G0138,T1543
G0138,T1203
G0138,T1112
G0138,T1132
G0138,T1082
G0138,T1547
G0138,T1592
G0138,T1573
G0138,T1189
G0138,T1590
G0138,T1005
G0138,T1033
G0138,T1218
G0138,T1568
G0138,T1105
G0138,T1204
G0138,T1049
G0138,T1070
G0138,T1059
G0138,T1129
G0138,T1055
G0138,T1574
G0138,T1113
G0138,T1140
G0138,T1095
G0138,T1569
G0138,T1056
G0138,T1566
G1007,T1027
G1007,T1057
G1007,T1588
G1007,T1587
G1007,T1083
G1007,T1203
G1007,T1132
G1007,T1082
G1007,T1547
G1007,T1573
G1007,T1120
G1007,T1005
G1007,T1570
G1007,T1036
G1007,T1218
G1007,T1105
G1007,T1204
G1007,T1071
G1007,T1007
G1007,T1070
G1007,T1055
G1007,T1041
G1007,T1091
G1007,T1572
G1007,T1140
G0099,T1027
G0099,T1057
G0099,T1123
G0099,T1571
G0099,T1588
G0099,T1564
G0099,T1083
G0099,T1106
G0099,T1021
G0099,T1053
G0099,T1036
G0099,T1105
G0099,T1555
G0099,T1204
G0099,T1496
G0099,T1070
G0099,T1059
G0099,T1562
G0099,T1041
G0099,T1140
G0099,T1056
G0099,T1125
G0099,T1566
G0006,T1135
G0006,T1003
G0006,T1027
G0006,T1057
G0006,T1588
G0006,T1074
G0006,T1083
G0006,T1069
G0006,T1016
G0006,T1014
G0006,T1543
G0006,T1550
G0006,T1112
G0006,T1119
G0006,T1583
G0006,T1082
G0006,T1547
G0006,T1573
G0006,T1021
G0006,T1102
G0006,T1005
G0006,T1098
G0006,T1570
G0006,T1033
G0006,T1036
G0006,T1552
G0006,T1105
G0006,T1649
G0006,T1555
G0006,T1008
G0006,T1136
G0006,T1007
G0006,T1071
G0006,T1049
G0006,T1070
G0006,T1207
G0006,T1059
G0006,T1018
G0006,T1087
G0006,T1585
G0006,T1124
G0006,T1558
G0006,T1518
G0006,T1010
G0006,T1055
G0006,T1574
G0006,T1560
G0006,T1113
G0006,T1114
G0006,T1201
G0006,T1134
G0006,T1569
G0006,T1056
G0006,T1566
G0006,T1584
G0005,T1057
G0005,T1564
G0005,T1083
G0005,T1016
G0005,T1014
G0005,T1203
G0005,T1132
G0005,T1082
G0005,T1547
G0005,T1573
G0005,T1102
G0005,T1005
G0005,T1033
G0005,T1036
G0005,T1568
G0005,T1105
G0005,T1204
G0005,T1071
G0005,T1007
G0005,T1070
G0005,T1059
G0005,T1055
G0005,T1090
G0005,T1566
G0023,T1057
G0023,T1071
G0023,T1083
G0023,T1584
G0025,T1583
G0025,T1057
G0025,T1104
G0025,T1102
G0025,T1083
G0025,T1070
G0025,T1059
G0025,T1585
G0026,T1012
G0026,T1027
G0026,T1057
G0026,T1083
G0026,T1016
G0026,T1106
G0026,T1543
G0026,T1112
G0026,T1132
G0026,T1082
G0026,T1547
G0026,T1573
G0026,T1133
G0026,T1570
G0026,T1053
G0026,T1036
G0026,T1218
G0026,T1568
G0026,T1105
G0026,T1071
G0026,T1078
G0026,T1070
G0026,T1059
G0026,T1129
G0026,T1055
G0026,T1574
G0026,T1113
G0026,T1140
G0026,T1095
G0026,T1569
G0026,T1056
G0073,T1615
G0073,T1068
G0073,T1083
G0073,T1550
G0073,T1210
G0073,T1547
G0073,T1033
G0073,T1552
G0073,T1105
G0073,T1007
G0073,T1070
G0073,T1018
G0073,T1087
G0073,T1055
G0073,T1029
G0073,T1113
G0073,T1056
G0073,T1566
G0073,T1588
G0073,T1620
G0073,T1217
G0073,T1203
G0073,T1573
G0073,T1189
G0073,T1185
G0073,T1548
G0073,T1001
G0073,T1218
G0073,T1204
G0073,T1071
G0073,T1558
G0073,T1562
G0073,T1560
G0073,T1140
G0073,T1134
G0073,T1012
G0073,T1027
G0073,T1030
G0073,T1112
G0073,T1484
G0073,T1132
G0073,T1082
G0073,T1005
G0073,T1053
G0073,T1567
G0073,T1047
G0073,T1078
G0073,T1059
G0073,T1518
G0073,T1557
G0073,T1041
G0073,T1090
G0073,T1546
G0073,T1572
G0073,T1095
G0073,T1569
G0073,T1135
G0073,T1003
G0073,T1057
G0073,T1040
G0073,T1137
G0073,T1564
G0073,T1069
G0073,T1016
G0073,T1026
G0073,T1106
G0073,T1543
G0073,T1127
G0073,T1119
G0073,T1197
G0073,T1021
G0073,T1102
G0073,T1553
G0073,T1555
G0073,T1482
G0073,T1136
G0073,T1049
G0073,T1115
G0073,T1020
G0073,T1574
G0073,T1114
G0073,T1046
G0073,T1125
G0007,T1559
G0007,T1221
G0007,T1074
G0007,T1068
G0007,T1083
G0007,T1211
G0007,T1550
G0007,T1210
G0007,T1528
G0007,T1547
G0007,T1505
G0007,T1033
G0007,T1552
G0007,T1105
G0007,T1007
G0007,T1070
G0007,T1018
G0007,T1087
G0007,T1055
G0007,T1029
G0007,T1113
G0007,T1201
G0007,T1586
G0007,T1056
G0007,T1566
G0007,T1213
G0007,T1588
G0007,T1595
G0007,T1203
G0007,T1199
G0007,T1573
G0007,T1189
G0007,T1133
G0007,T1542
G0007,T1548
G0007,T1001
G0007,T1218
G0007,T1190
G0007,T1048
G0007,T1204
G0007,T1071
G0007,T1558
G0007,T1124
G0007,T1562
G0007,T1560
G0007,T1091
G0007,T1140
G0007,T1134
G0007,T1012
G0007,T1027
G0007,T1202
G0007,T1030
G0007,T1112
G0007,T1132
G0007,T1583
G0007,T1082
G0007,T1005
G0007,T1098
G0007,T1053
G0007,T1036
G0007,T1567
G0007,T1047
G0007,T1568
G0007,T1649
G0007,T1025
G0007,T1008
G0007,T1207
G0007,T1078
G0007,T1059
G0007,T1518
G0007,T1557
G0007,T1041
G0007,T1052
G0007,T1090
G0007,T1546
G0007,T1095
G0007,T1569
G0007,T1598
G0007,T1135
G0007,T1037
G0007,T1003
G0007,T1057
G0007,T1039
G0007,T1137
G0007,T1040
G0007,T1497
G0007,T1564
G0007,T1069
G0007,T1016
G0007,T1430
G0007,T1014
G0007,T1543
G0007,T1106
G0007,T1119
G0007,T1110
G0007,T1120
G0007,T1021
G0007,T1102
G0007,T1553
G0007,T1092
G0007,T1555
G0007,T1589
G0007,T1136
G0007,T1049
G0007,T1115
G0007,T1020
G0007,T1574
G0007,T1114
G0007,T1498
G0007,T1046
G0016,T1556
G0016,T1615
G0016,T1074
G0016,T1068
G0016,T1083
G0016,T1550
G0016,T1528
G0016,T1547
G0016,T1570
G0016,T1505
G0016,T1033
G0016,T1552
G0016,T1105
G0016,T1007
G0016,T1070
G0016,T1018
G0016,T1087
G0016,T1055
G0016,T1029
G0016,T1499
G0016,T1113
G0016,T1201
G0016,T1586
G0016,T1480
G0016,T1056
G0016,T1566
G0016,T1571
G0016,T1213
G0016,T1588
G0016,T1620
G0016,T1587
G0016,T1595
G0016,T1203
G0016,T1199
G0016,T1573
G0016,T1133
G0016,T1185
G0016,T1548
G0016,T1001
G0016,T1218
G0016,T1190
G0016,T1048
G0016,T1204
G0016,T1071
G0016,T1562
G0016,T1124
G0016,T1558
G0016,T1606
G0016,T1560
G0016,T1140
G0016,T1134
G0016,T1012
G0016,T1027
G0016,T1030
G0016,T1195
G0016,T1112
G0016,T1484
G0016,T1132
G0016,T1583
G0016,T1082
G0016,T1590
G0016,T1005
G0016,T1098
G0016,T1053
G0016,T1036
G0016,T1567
G0016,T1047
G0016,T1568
G0016,T1649
G0016,T1025
G0016,T1008
G0016,T1207
G0016,T1078
G0016,T1059
G0016,T1539
G0016,T1129
G0016,T1518
G0016,T1010
G0016,T1041
G0016,T1090
G0016,T1546
G0016,T1621
G0016,T1572
G0016,T1095
G0016,T1569
G0016,T1598
G0016,T1584
G0016,T1135
G0016,T1003
G0016,T1057
G0016,T1039
G0016,T1040
G0016,T1137
G0016,T1497
G0016,T1564
G0016,T1526
G0016,T1069
G0016,T1016
G0016,T1026
G0016,T1187
G0016,T1106
G0016,T1543
G0016,T1565
G0016,T1119
G0016,T1197
G0016,T1110
G0016,T1021
G0016,T1102
G0016,T1553
G0016,T1485
G0016,T1555
G0016,T1589
G0016,T1482
G0016,T1136
G0016,T1049
G0016,T1115
G0016,T1020
G0016,T1574
G0016,T1114
G0016,T1046
G0022,T1135
G0022,T1003
G0022,T1012
G0022,T1027
G0022,T1057
G0022,T1497
G0022,T1074
G0022,T1564
G0022,T1083
G0022,T1069
G0022,T1016
G0022,T1026
G0022,T1106
G0022,T1543
G0022,T1203
G0022,T1112
G0022,T1127
G0022,T1082
G0022,T1110
G0022,T1547
G0022,T1573
G0022,T1021
G0022,T1102
G0022,T1005
G0022,T1098
G0022,T1053
G0022,T1033
G0022,T1036
G0022,T1218
G0022,T1552
G0022,T1105
G0022,T1555
G0022,T1104
G0022,T1204
G0022,T1136
G0022,T1071
G0022,T1049
G0022,T1070
G0022,T1078
G0022,T1059
G0022,T1018
G0022,T1087
G0022,T1574
G0022,T1041
G0022,T1560
G0022,T1113
G0022,T1090
G0022,T1546
G0022,T1140
G0022,T1095
G0022,T1569
G0022,T1056
G0022,T1566
G0013,T1012
G0013,T1057
G0013,T1074
G0013,T1083
G0013,T1112
G0013,T1132
G0013,T1082
G0013,T1547
G0013,T1573
G0013,T1005
G0013,T1568
G0013,T1025
G0013,T1104
G0013,T1008
G0013,T1204
G0013,T1071
G0013,T1059
G0013,T1562
G0013,T1041
G0013,T1560
G0013,T1090
G0013,T1052
G0013,T1091
G0013,T1095
G0013,T1566
G0050,T1068
G0050,T1083
G0050,T1550
G0050,T1547
G0050,T1570
G0050,T1505
G0050,T1033
G0050,T1552
G0050,T1105
G0050,T1007
G0050,T1070
G0050,T1018
G0050,T1087
G0050,T1585
G0050,T1055
G0050,T1029
G0050,T1113
G0050,T1201
G0050,T1608
G0050,T1056
G0050,T1566
G0050,T1571
G0050,T1588
G0050,T1620
G0050,T1203
G0050,T1573
G0050,T1189
G0050,T1185
G0050,T1548
G0050,T1001
G0050,T1218
G0050,T1048
G0050,T1204
G0050,T1071
G0050,T1562
G0050,T1124
G0050,T1558
G0050,T1560
G0050,T1216
G0050,T1140
G0050,T1134
G0050,T1012
G0050,T1027
G0050,T1030
G0050,T1112
G0050,T1132
G0050,T1583
G0050,T1082
G0050,T1005
G0050,T1098
G0050,T1053
G0050,T1036
G0050,T1047
G0050,T1649
G0050,T1207
G0050,T1078
G0050,T1059
G0050,T1518
G0050,T1010
G0050,T1041
G0050,T1090
G0050,T1546
G0050,T1572
G0050,T1095
G0050,T1569
G0050,T1598
G0050,T1135
G0050,T1003
G0050,T1057
G0050,T1137
G0050,T1497
G0050,T1564
G0050,T1069
G0050,T1016
G0050,T1026
G0050,T1106
G0050,T1543
G0050,T1197
G0050,T1222
G0050,T1021
G0050,T1102
G0050,T1072
G0050,T1553
G0050,T1555
G0050,T1589
G0050,T1136
G0050,T1049
G0050,T1574
G0050,T1046
G0064,T1615
G0064,T1074
G0064,T1068
G0064,T1083
G0064,T1550
G0064,T1210
G0064,T1547
G0064,T1570
G0064,T1033
G0064,T1552
G0064,T1105
G0064,T1007
G0064,T1070
G0064,T1018
G0064,T1087
G0064,T1055
G0064,T1113
G0064,T1201
G0064,T1034
G0064,T1056
G0064,T1566
G0064,T1571
G0064,T1588
G0064,T1620
G0064,T1217
G0064,T1203
G0064,T1573
G0064,T1548
G0064,T1048
G0064,T1204
G0064,T1071
G0064,T1562
G0064,T1124
G0064,T1558
G0064,T1560
G0064,T0865
G0064,T1134
G0064,T1561
G0064,T1012
G0064,T1027
G0064,T1112
G0064,T1484
G0064,T1132
G0064,T1082
G0064,T0853
G0064,T1005
G0064,T1098
G0064,T1053
G0064,T1036
G0064,T1567
G0064,T1047
G0064,T1649
G0064,T1207
G0064,T1078
G0064,T0852
G0064,T1059
G0064,T1518
G0064,T1557
G0064,T1010
G0064,T1041
G0064,T1090
G0064,T1546
G0064,T1095
G0064,T1569
G0064,T1135
G0064,T1003
G0064,T1123
G0064,T1057
G0064,T1040
G0064,T1137
G0064,T1497
G0064,T1564
G0064,T1069
G0064,T1016
G0064,T1106
G0064,T1543
G0064,T1127
G0064,T1119
G0064,T1110
G0064,T1021
G0064,T1102
G0064,T1485
G0064,T1555
G0064,T1482
G0064,T1136
G0064,T1049
G0064,T1115
G0064,T1020
G0064,T1574
G0064,T1114
G0064,T1046
G0064,T1125
G0067,T1559
G0067,T1074
G0067,T1068
G0067,T1083
G0067,T1550
G0067,T1547
G0067,T1033
G0067,T1105
G0067,T1007
G0067,T1070
G0067,T1018
G0067,T1087
G0067,T1055
G0067,T1029
G0067,T1113
G0067,T1480
G0067,T1056
G0067,T1566
G0067,T1620
G0067,T1203
G0067,T1573
G0067,T1189
G0067,T1185
G0067,T1548
G0067,T1001
G0067,T1622
G0067,T1218
G0067,T1048
G0067,T1204
G0067,T1071
G0067,T1562
G0067,T1124
G0067,T1560
G0067,T1140
G0067,T1134
G0067,T1561
G0067,T1012
G0067,T1027
G0067,T1030
G0067,T1112
G0067,T1132
G0067,T1082
G0067,T1005
G0067,T1529
G0067,T1053
G0067,T1036
G0067,T1567
G0067,T1047
G0067,T1078
G0067,T1059
G0067,T1539
G0067,T1518
G0067,T1010
G0067,T1041
G0067,T1090
G0067,T1572
G0067,T1095
G0067,T1569
G0067,T1135
G0067,T1003
G0067,T1123
G0067,T1057
G0067,T1137
G0067,T1497
G0067,T1564
G0067,T1069
G0067,T1016
G0067,T1026
G0067,T1106
G0067,T1543
G0067,T1197
G0067,T1120
G0067,T1102
G0067,T1021
G0067,T1553
G0067,T1555
G0067,T1049
G0067,T1115
G0067,T1046
G0082,T1135
G0082,T1003
G0082,T1012
G0082,T1027
G0082,T1571
G0082,T1123
G0082,T1057
G0082,T1588
G0082,T1074
G0082,T1083
G0082,T1069
G0082,T1217
G0082,T1106
G0082,T1543
G0082,T1550
G0082,T1112
G0082,T1565
G0082,T0809
G0082,T0881
G0082,T1132
G0082,T1082
G0082,T1110
G0082,T1547
G0082,T1189
G0082,T1021
G0082,T1005
G0082,T1098
G0082,T1529
G0082,T1053
G0082,T1505
G0082,T0872
G0082,T1033
G0082,T1485
G0082,T1036
G0082,T1047
G0082,T1552
G0082,T1218
G0082,T1105
G0082,T1649
G0082,T1555
G0082,T1008
G0082,T1204
G0082,T1136
G0082,T1007
G0082,T1071
G0082,T1115
G0082,T1486
G0082,T1070
G0082,T1059
G0082,T1049
G0082,T1018
G0082,T1489
G0082,T1207
G0082,T1129
G0082,T1562
G0082,T1124
G0082,T1558
G0082,T1087
G0082,T1518
G0082,T1055
G0082,T1041
G0082,T1113
G0082,T1090
G0082,T0829
G0082,T1201
G0082,T1134
G0082,T1569
G0082,T1056
G0082,T1125
G0082,T1566
G0082,T1561
G0087,T1135
G0087,T1003
G0087,T1012
G0087,T1027
G0087,T1123
G0087,T1040
G0087,T1588
G0087,T1074
G0087,T1083
G0087,T1069
G0087,T1016
G0087,T1543
G0087,T1550
G0087,T1112
G0087,T1132
G0087,T1082
G0087,T1197
G0087,T1110
G0087,T1547
G0087,T1120
G0087,T1021
G0087,T1102
G0087,T1005
G0087,T1098
G0087,T1570
G0087,T1053
G0087,T1553
G0087,T1505
G0087,T1033
G0087,T1036
G0087,T1047
G0087,T1552
G0087,T1190
G0087,T1105
G0087,T1649
G0087,T1555
G0087,T1048
G0087,T1204
G0087,T1136
G0087,T1071
G0087,T1049
G0087,T1115
G0087,T1070
G0087,T1078
G0087,T1059
G0087,T1207
G0087,T1018
G0087,T1087
G0087,T1558
G0087,T1010
G0087,T1041
G0087,T1560
G0087,T1113
G0087,T1090
G0087,T1201
G0087,T1546
G0087,T1046
G0087,T1140
G0087,T1134
G0087,T1569
G0087,T1056
G0087,T1566
G0096,T1615
G0096,T1074
G0096,T1068
G0096,T1083
G0096,T1550
G0096,T1210
G0096,T1547
G0096,T1570
G0096,T1505
G0096,T1033
G0096,T1552
G0096,T1105
G0096,T1007
G0096,T1070
G0096,T1018
G0096,T1087
G0096,T1055
G0096,T1029
G0096,T1499
G0096,T1113
G0096,T1201
G0096,T1034
G0096,T1480
G0096,T1056
G0096,T1566
G0096,T1571
G0096,T1588
G0096,T1620
G0096,T1217
G0096,T1203
G0096,T1573
G0096,T1133
G0096,T1542
G0096,T1185
G0096,T1548
G0096,T1001
G0096,T1218
G0096,T1190
G0096,T1104
G0096,T1048
G0096,T1071
G0096,T1486
G0096,T1562
G0096,T1124
G0096,T1558
G0096,T1560
G0096,T1091
G0096,T1140
G0096,T1134
G0096,T1012
G0096,T1027
G0096,T1030
G0096,T1195
G0096,T1112
G0096,T1484
G0096,T1132
G0096,T1082
G0096,T1005
G0096,T1098
G0096,T1053
G0096,T1036
G0096,T1567
G0096,T1047
G0096,T1568
G0096,T1649
G0096,T1008
G0096,T1496
G0096,T1207
G0096,T1078
G0096,T1059
G0096,T1129
G0096,T1557
G0096,T1518
G0096,T1010
G0096,T1041
G0096,T1090
G0096,T1546
G0096,T1572
G0096,T1095
G0096,T1569
G0096,T1135
G0096,T1003
G0096,T1123
G0096,T1057
G0096,T1040
G0096,T1137
G0096,T1497
G0096,T1564
G0096,T1069
G0096,T1016
G0096,T1026
G0096,T1014
G0096,T1106
G0096,T1543
G0096,T1127
G0096,T1119
G0096,T1197
G0096,T1110
G0096,T1120
G0096,T1021
G0096,T1102
G0096,T1205
G0096,T1553
G0096,T1555
G0096,T1482
G0096,T1136
G0096,T1049
G0096,T1115
G0096,T1020
G0096,T1574
G0096,T1114
G0096,T1046
G0096,T1125
G0143,T1135
G0143,T1095
G0143,T1003
G0143,T1012
G0143,T1027
G0143,T1571
G0143,T1057
G0143,T1137
G0143,T1588
G0143,T1620
G0143,T1595
G0143,T1564
G0143,T1068
G0143,T1083
G0143,T1069
G0143,T1016
G0143,T1030
G0143,T1026
G0143,T1106
G0143,T1543
G0143,T1550
G0143,T1112
G0143,T1203
G0143,T1132
G0143,T1082
G0143,T1197
G0143,T1547
G0143,T1573
G0143,T1120
G0143,T1021
G0143,T1005
G0143,T1185
G0143,T1548
G0143,T1553
G0143,T1001
G0143,T1033
G0143,T1047
G0143,T1218
G0143,T1568
G0143,T1105
G0143,T1555
G0143,T1049
G0143,T1007
G0143,T1071
G0143,T1070
G0143,T1078
G0143,T1059
G0143,T1018
G0143,T1087
G0143,T1562
G0143,T1518
G0143,T1010
G0143,T1055
G0143,T1029
G0143,T1574
G0143,T1041
G0143,T1560
G0143,T1113
G0143,T1090
G0143,T1046
G0143,T1091
G0143,T1572
G0143,T1140
G0143,T1134
G0143,T1569
G0143,T1056
G0143,T1125
G0001,T1135
G0001,T1095
G0001,T1003
G0001,T1012
G0001,T1027
G0001,T1571
G0001,T1123
G0001,T1057
G0001,T1497
G0001,T1074
G0001,T1564
G0001,T1068
G0001,T1083
G0001,T1016
G0001,T1026
G0001,T1014
G0001,T1106
G0001,T1543
G0001,T1203
G0001,T1112
G0001,T1127
G0001,T1132
G0001,T1583
G0001,T1082
G0001,T1563
G0001,T1547
G0001,T1573
G0001,T1189
G0001,T1021
G0001,T1102
G0001,T1005
G0001,T1553
G0001,T1001
G0001,T1033
G0001,T1036
G0001,T1218
G0001,T1190
G0001,T1568
G0001,T1105
G0001,T1048
G0001,T1008
G0001,T1136
G0001,T1007
G0001,T1071
G0001,T1049
G0001,T1070
G0001,T1078
G0001,T1059
G0001,T1129
G0001,T1562
G0001,T1010
G0001,T1055
G0001,T1574
G0001,T1560
G0001,T1499
G0001,T1113
G0001,T1090
G0001,T1546
G0001,T1046
G0001,T1140
G0001,T1134
G0001,T1569
G0001,T1056
G0001,T1125
G0001,T1566
G0001,T1584
G0135,T1095
G0135,T1003
G0135,T1027
G0135,T1571
G0135,T1040
G0135,T1588
G0135,T1074
G0135,T1564
G0135,T1083
G0135,T1016
G0135,T1550
G0135,T1112
G0135,T1082
G0135,T1110
G0135,T1547
G0135,T1573
G0135,T1120
G0135,T1021
G0135,T1005
G0135,T1098
G0135,T1548
G0135,T1053
G0135,T1553
G0135,T1001
G0135,T1505
G0135,T1033
G0135,T1036
G0135,T1614
G0135,T1552
G0135,T1105
G0135,T1649
G0135,T1190
G0135,T1555
G0135,T1049
G0135,T1071
G0135,T1207
G0135,T1070
G0135,T1059
G0135,T1018
G0135,T1558
G0135,T1055
G0135,T1574
G0135,T1560
G0135,T1113
G0135,T1090
G0135,T1046
G0135,T1140
G0135,T1134
G0135,T1056
G0135,T1125
G1002,T1559
G1002,T1012
G1002,T1027
G1002,T1057
G1002,T1588
G1002,T1068
G1002,T1106
G1002,T1203
G1002,T1082
G1002,T1583
G1002,T1573
G1002,T1005
G1002,T1053
G1002,T1033
G1002,T1036
G1002,T1568
G1002,T1105
G1002,T1204
G1002,T1071
G1002,T1518
G1002,T1608
G1002,T1140
G1002,T1095
G1002,T1566
G0063,T1027
G0098,T1135
G0098,T1012
G0098,T1027
G0098,T1057
G0098,T1588
G0098,T1564
G0098,T1083
G0098,T1069
G0098,T1016
G0098,T1106
G0098,T1543
G0098,T1203
G0098,T1112
G0098,T1132
G0098,T1547
G0098,T1573
G0098,T1021
G0098,T1005
G0098,T1570
G0098,T1001
G0098,T1033
G0098,T1036
G0098,T1614
G0098,T1190
G0098,T1105
G0098,T1555
G0098,T1204
G0098,T1136
G0098,T1071
G0098,T1049
G0098,T1070
G0098,T1059
G0098,T1018
G0098,T1518
G0098,T1562
G0098,T1010
G0098,T1055
G0098,T1029
G0098,T1574
G0098,T1041
G0098,T1113
G0098,T1090
G0098,T1046
G0098,T1140
G0098,T1095
G0098,T1569
G0098,T1056
G0098,T1566
G0108,T1003
G0108,T1027
G0108,T1588
G0108,T1543
G0108,T1550
G0108,T1112
G0108,T1082
G0108,T1547
G0108,T1021
G0108,T1098
G0108,T1053
G0108,T1036
G0108,T1218
G0108,T1047
G0108,T1552
G0108,T1190
G0108,T1649
G0108,T1555
G0108,T1496
G0108,T1207
G0108,T1059
G0108,T1558
G0108,T1574
G0108,T1090
G0108,T1546
G0108,T1134
G0108,T1569
G0097,T1512
G0097,T1418
G0097,T1636
G0097,T1533
G0097,T1630
G0097,T1513
G0097,T1429
G0097,T1424
G0097,T1426
G0097,T1532
G0097,T1406
G0097,T1646
G0097,T1624
G0097,T1414
G0097,T1430
G0060,T1135
G0060,T1095
G0060,T1003
G0060,T1027
G0060,T1057
G0060,T1039
G0060,T1588
G0060,T1083
G0060,T1069
G0060,T1016
G0060,T1106
G0060,T1203
G0060,T1550
G0060,T1112
G0060,T1132
G0060,T1082
G0060,T1547
G0060,T1573
G0060,T1189
G0060,T1102
G0060,T1021
G0060,T1005
G0060,T1098
G0060,T1570
G0060,T1548
G0060,T1053
G0060,T1553
G0060,T1001
G0060,T1033
G0060,T1036
G0060,T1552
G0060,T1568
G0060,T1105
G0060,T1649
G0060,T1555
G0060,T1204
G0060,T1136
G0060,T1007
G0060,T1071
G0060,T1049
G0060,T1070
G0060,T1207
G0060,T1059
G0060,T1018
G0060,T1087
G0060,T1558
G0060,T1124
G0060,T1518
G0060,T1562
G0060,T1055
G0060,T1029
G0060,T1574
G0060,T1560
G0060,T1113
G0060,T1201
G0060,T1080
G0060,T1140
G0060,T1134
G0060,T1569
G0060,T1056
G0060,T1566
G0008,T1003
G0008,T1012
G0008,T1027
G0008,T1057
G0008,T1588
G0008,T1030
G0008,T1543
G0008,T1550
G0008,T1132
G0008,T1547
G0008,T1573
G0008,T1102
G0008,T1021
G0008,T1219
G0008,T1098
G0008,T1570
G0008,T1036
G0008,T1218
G0008,T1552
G0008,T1649
G0008,T1555
G0008,T1136
G0008,T1071
G0008,T1207
G0008,T1078
G0008,T1070
G0008,T1059
G0008,T1518
G0008,T1562
G0008,T1558
G0008,T1055
G0008,T1113
G0008,T1114
G0008,T1090
G0008,T1546
G0008,T1134
G0008,T1569
G0008,T1056
G0114,T1556
G0114,T1615
G0114,T1074
G0114,T1068
G0114,T1083
G0114,T1550
G0114,T1547
G0114,T1570
G0114,T1033
G0114,T1552
G0114,T1105
G0114,T1007
G0114,T1070
G0114,T1018
G0114,T1087
G0114,T1055
G0114,T1029
G0114,T1113
G0114,T1201
G0114,T1056
G0114,T1213
G0114,T1588
G0114,T1620
G0114,T1217
G0114,T1203
G0114,T1573
G0114,T1133
G0114,T1185
G0114,T1548
G0114,T1001
G0114,T1218
G0114,T1071
G0114,T1558
G0114,T1124
G0114,T1562
G0114,T1560
G0114,T1140
G0114,T1134
G0114,T1012
G0114,T1027
G0114,T1030
G0114,T1112
G0114,T1111
G0114,T1132
G0114,T1082
G0114,T1005
G0114,T1098
G0114,T1053
G0114,T1036
G0114,T1567
G0114,T1047
G0114,T1649
G0114,T1207
G0114,T1078
G0114,T1059
G0114,T1518
G0114,T1041
G0114,T1090
G0114,T1572
G0114,T1095
G0114,T1569
G0114,T1135
G0114,T1003
G0114,T1057
G0114,T1039
G0114,T1137
G0114,T1564
G0114,T1069
G0114,T1016
G0114,T1026
G0114,T1106
G0114,T1543
G0114,T1119
G0114,T1197
G0114,T1110
G0114,T1021
G0114,T1553
G0114,T1555
G0114,T1589
G0114,T1482
G0114,T1136
G0114,T1049
G0114,T1574
G0114,T1114
G0114,T1046
G0003,T1003
G0003,T1588
G0003,T1587
G0003,T1543
G0003,T1550
G0003,T1110
G0003,T1547
G0003,T1021
G0003,T1098
G0003,T1570
G0003,T1552
G0003,T1649
G0003,T1555
G0003,T1136
G0003,T1207
G0003,T1115
G0003,T1059
G0003,T1585
G0003,T1562
G0003,T1557
G0003,T1558
G0003,T1113
G0003,T1134
G0003,T1569
G0003,T1056
G0080,T1559
G0080,T1135
G0080,T1037
G0080,T1095
G0080,T1003
G0080,T1220
G0080,T1012
G0080,T1027
G0080,T1057
G0080,T1137
G0080,T1588
G0080,T1620
G0080,T1564
G0080,T1068
G0080,T1083
G0080,T1069
G0080,T1016
G0080,T1030
G0080,T1026
G0080,T1195
G0080,T1106
G0080,T1543
G0080,T1550
G0080,T1112
G0080,T1203
G0080,T1132
G0080,T1082
G0080,T1197
G0080,T1547
G0080,T1573
G0080,T1021
G0080,T1005
G0080,T1219
G0080,T1185
G0080,T1098
G0080,T1570
G0080,T1548
G0080,T1053
G0080,T1553
G0080,T1001
G0080,T1033
G0080,T1485
G0080,T1218
G0080,T1047
G0080,T1552
G0080,T1105
G0080,T1649
G0080,T1555
G0080,T1204
G0080,T1136
G0080,T1007
G0080,T1071
G0080,T1049
G0080,T1070
G0080,T1078
G0080,T1059
G0080,T1207
G0080,T1018
G0080,T1087
G0080,T1558
G0080,T1518
G0080,T1562
G0080,T1055
G0080,T1029
G0080,T1113
G0080,T1090
G0080,T1046
G0080,T1572
G0080,T1140
G0080,T1134
G0080,T1569
G0080,T1056
G0080,T1566
G0142,T1057
G0142,T1221
G0142,T1564
G0142,T1083
G0142,T1014
G0142,T1106
G0142,T1203
G0142,T1112
G0142,T1119
G0142,T1082
G0142,T1583
G0142,T1547
G0142,T1573
G0142,T1021
G0142,T1005
G0142,T1548
G0142,T1053
G0142,T1567
G0142,T1218
G0142,T1105
G0142,T1555
G0142,T1204
G0142,T1071
G0142,T1059
G0142,T1562
G0142,T1055
G0142,T1041
G0142,T1090
G0142,T1546
G0142,T1140
G0142,T1095
G0142,T1056
G0142,T1125
G0142,T1566
G0052,T1615
G0052,T1068
G0052,T1083
G0052,T1550
G0052,T1210
G0052,T1547
G0052,T1033
G0052,T1552
G0052,T1105
G0052,T1007
G0052,T1070
G0052,T1018
G0052,T1087
G0052,T1055
G0052,T1029
G0052,T1113
G0052,T1056
G0052,T1588
G0052,T1620
G0052,T1217
G0052,T1203
G0052,T1573
G0052,T1185
G0052,T1548
G0052,T1001
G0052,T1218
G0052,T1071
G0052,T1558
G0052,T1562
G0052,T1560
G0052,T1140
G0052,T1134
G0052,T1012
G0052,T1027
G0052,T1030
G0052,T1112
G0052,T1484
G0052,T1132
G0052,T1082
G0052,T1005
G0052,T1053
G0052,T1567
G0052,T1047
G0052,T1078
G0052,T1059
G0052,T1518
G0052,T1557
G0052,T1041
G0052,T1090
G0052,T1546
G0052,T1572
G0052,T1095
G0052,T1569
G0052,T1135
G0052,T1003
G0052,T1057
G0052,T1040
G0052,T1137
G0052,T1564
G0052,T1069
G0052,T1016
G0052,T1026
G0052,T1106
G0052,T1543
G0052,T1127
G0052,T1119
G0052,T1197
G0052,T1021
G0052,T1102
G0052,T1553
G0052,T1555
G0052,T1482
G0052,T1136
G0052,T1049
G0052,T1115
G0052,T1020
G0052,T1574
G0052,T1114
G0052,T1046
G0052,T1125
G0070,T1095
G0070,T1012
G0070,T1027
G0070,T1123
G0070,T1057
G0070,T1429
G0070,T1497
G0070,T1406
G0070,T1083
G0070,T1016
G0070,T1430
G0070,T1106
G0070,T1543
G0070,T1082
G0070,T1636
G0070,T1547
G0070,T1573
G0070,T1189
G0070,T1120
G0070,T1005
G0070,T1542
G0070,T1437
G0070,T1548
G0070,T1553
G0070,T1404
G0070,T1512
G0070,T1036
G0070,T1630
G0070,T1218
G0070,T1105
G0070,T1409
G0070,T1204
G0070,T1426
G0070,T1071
G0070,T1646
G0070,T1070
G0070,T1059
G0070,T1518
G0070,T1418
G0070,T1055
G0070,T1574
G0070,T1417
G0070,T1041
G0070,T1421
G0070,T1113
G0070,T1140
G0070,T1134
G0070,T1056
G0070,T1125
G0070,T1566
G0012,T1027
G0012,T1057
G0012,T1497
G0012,T1083
G0012,T1016
G0012,T1203
G0012,T1082
G0012,T1547
G0012,T1573
G0012,T1189
G0012,T1553
G0012,T1036
G0012,T1105
G0012,T1204
G0012,T1059
G0012,T1518
G0012,T1124
G0012,T1091
G0012,T1080
G0012,T1140
G0012,T1056
G0012,T1566
G0079,T1135
G0079,T1095
G0079,T1003
G0079,T1012
G0079,T1027
G0079,T1057
G0079,T1137
G0079,T1588
G0079,T1620
G0079,T1497
G0079,T1564
G0079,T1221
G0079,T1068
G0079,T1083
G0079,T1069
G0079,T1016
G0079,T1030
G0079,T1026
G0079,T1187
G0079,T1106
G0079,T1543
G0079,T1550
G0079,T1112
G0079,T1203
G0079,T1132
G0079,T1082
G0079,T1197
G0079,T1547
G0079,T1573
G0079,T1021
G0079,T1102
G0079,T1005
G0079,T1185
G0079,T1098
G0079,T1548
G0079,T1553
G0079,T1001
G0079,T1033
G0079,T1047
G0079,T1218
G0079,T1552
G0079,T1105
G0079,T1649
G0079,T1555
G0079,T1204
G0079,T1049
G0079,T1007
G0079,T1071
G0079,T1207
G0079,T1078
G0079,T1070
G0079,T1059
G0079,T1018
G0079,T1087
G0079,T1558
G0079,T1518
G0079,T1562
G0079,T1055
G0079,T1029
G0079,T1113
G0079,T1090
G0079,T1046
G0079,T1572
G0079,T1140
G0079,T1134
G0079,T1569
G0079,T1056
G0079,T1566
G0105,T1135
G0105,T1059
G0105,T1110
G0105,T1571
G0105,T1040
G0105,T1588
G0105,T1046
G0105,T1136
G0105,T1021
G0105,T1219
G0105,T1570
G0105,T1569
G0105,T1200
G0105,T1543
G0009,T1135
G0009,T1003
G0009,T1012
G0009,T1027
G0009,T1057
G0009,T1123
G0009,T1571
G0009,T1564
G0009,T1083
G0009,T1069
G0009,T1543
G0009,T1112
G0009,T1082
G0009,T1547
G0009,T1573
G0009,T1021
G0009,T1548
G0009,T1505
G0009,T1033
G0009,T1218
G0009,T1047
G0009,T1105
G0009,T1008
G0009,T1136
G0009,T1071
G0009,T1007
G0009,T1049
G0009,T1070
G0009,T1059
G0009,T1018
G0009,T1518
G0009,T1087
G0009,T1124
G0009,T1055
G0009,T1574
G0009,T1201
G0009,T1113
G0009,T1546
G0009,T1095
G0009,T1569
G0009,T1056
G0009,T1125
G0035,T0814
G0035,T1074
G0035,T0817
G0035,T1221
G0035,T1083
G0035,T0861
G0035,T1550
G0035,T1210
G0035,T1547
G0035,T0862
G0035,T1570
G0035,T1505
G0035,T1033
G0035,T1552
G0035,T1105
G0035,T0863
G0035,T1007
G0035,T1070
G0035,T1018
G0035,T1087
G0035,T1055
G0035,T1113
G0035,T1201
G0035,T1608
G0035,T1056
G0035,T1566
G0035,T1588
G0035,T1595
G0035,T1203
G0035,T1573
G0035,T1189
G0035,T1133
G0035,T1218
G0035,T1190
G0035,T1204
G0035,T1071
G0035,T0846
G0035,T1562
G0035,T1124
G0035,T1558
G0035,T1560
G0035,T0865
G0035,T1134
G0035,T1012
G0035,T1027
G0035,T1195
G0035,T1112
G0035,T1132
G0035,T1583
G0035,T1082
G0035,T1005
G0035,T1098
G0035,T1053
G0035,T1036
G0035,T1047
G0035,T1649
G0035,T1207
G0035,T1078
G0035,T1059
G0035,T1518
G0035,T1557
G0035,T1010
G0035,T1090
G0035,T1546
G0035,T0802
G0035,T1569
G0035,T1591
G0035,T1598
G0035,T1584
G0035,T1135
G0035,T1003
G0035,T1057
G0035,T1040
G0035,T1497
G0035,T1564
G0035,T1069
G0035,T1016
G0035,T1187
G0035,T1543
G0035,T1110
G0035,T0888
G0035,T1021
G0035,T1555
G0035,T1136
G0035,T1049
G0035,T1114
G0035,T1046
G0017,T1135
G0017,T1012
G0017,T1027
G0017,T1057
G0017,T1497
G0017,T1074
G0017,T1564
G0017,T1083
G0017,T1026
G0017,T1014
G0017,T1106
G0017,T1543
G0017,T1112
G0017,T1127
G0017,T1547
G0017,T1573
G0017,T1102
G0017,T1005
G0017,T1036
G0017,T1105
G0017,T1049
G0017,T1071
G0017,T1059
G0017,T1010
G0017,T1055
G0017,T1574
G0017,T1113
G0017,T1140
G0017,T1095
G0017,T1056
G1006,T1068
G1006,T1083
G1006,T1550
G1006,T1210
G1006,T1547
G1006,T1033
G1006,T1552
G1006,T1105
G1006,T1007
G1006,T1070
G1006,T1018
G1006,T1087
G1006,T1055
G1006,T1029
G1006,T1113
G1006,T1034
G1006,T1608
G1006,T1056
G1006,T1566
G1006,T1588
G1006,T1620
G1006,T1595
G1006,T1203
G1006,T1573
G1006,T1189
G1006,T1185
G1006,T1548
G1006,T1001
G1006,T1218
G1006,T1190
G1006,T1204
G1006,T1071
G1006,T1558
G1006,T1124
G1006,T1562
G1006,T1560
G1006,T1140
G1006,T1134
G1006,T1012
G1006,T1027
G1006,T1030
G1006,T1112
G1006,T1132
G1006,T1583
G1006,T1082
G1006,T1005
G1006,T1098
G1006,T1053
G1006,T1036
G1006,T1567
G1006,T1047
G1006,T1568
G1006,T1649
G1006,T1207
G1006,T1078
G1006,T1059
G1006,T1518
G1006,T1090
G1006,T1572
G1006,T1095
G1006,T1569
G1006,T1584
G1006,T1135
G1006,T1003
G1006,T1123
G1006,T1057
G1006,T1040
G1006,T1137
G1006,T1564
G1006,T1069
G1006,T1016
G1006,T1026
G1006,T1014
G1006,T1106
G1006,T1543
G1006,T1197
G1006,T1021
G1006,T1205
G1006,T1553
G1006,T1555
G1006,T1482
G1006,T1049
G1006,T1574
G1006,T1046
G0066,T1012
G0066,T1027
G0066,T1057
G0066,T1074
G0066,T1083
G0066,T1016
G0066,T1014
G0066,T1543
G0066,T1203
G0066,T1112
G0066,T1082
G0066,T1547
G0066,T1573
G0066,T1189
G0066,T1005
G0066,T1553
G0066,T1218
G0066,T1105
G0066,T1048
G0066,T1008
G0066,T1204
G0066,T1071
G0066,T1007
G0066,T1070
G0066,T1059
G0066,T1129
G0066,T1010
G0066,T1055
G0066,T1029
G0066,T1113
G0066,T1090
G0066,T1134
G0066,T1569
G0066,T1056
G0066,T1566
G1003,T1135
G1003,T1012
G1003,T1027
G1003,T1057
G1003,T1588
G1003,T1497
G1003,T1083
G1003,T1016
G1003,T1106
G1003,T1203
G1003,T1112
G1003,T1132
G1003,T1119
G1003,T1082
G1003,T1547
G1003,T1102
G1003,T1005
G1003,T1542
G1003,T1529
G1003,T1548
G1003,T1053
G1003,T1553
G1003,T1622
G1003,T1033
G1003,T1485
G1003,T1036
G1003,T1218
G1003,T1614
G1003,T1105
G1003,T1204
G1003,T1071
G1003,T1070
G1003,T1059
G1003,T1518
G1003,T1562
G1003,T1020
G1003,T1055
G1003,T1041
G1003,T1140
G1003,T1134
G1003,T1569
G1003,T1561
G1003,T1566
G0020,T1564
G0020,T1480
G0020,T1542
G0020,T1120
G0120,T1003
G0120,T1027
G0120,T1497
G0120,T1016
G0120,T1112
G0120,T1132
G0120,T1082
G0120,T1547
G0120,T1573
G0120,T1102
G0120,T1219
G0120,T1548
G0120,T1553
G0120,T1033
G0120,T1218
G0120,T1047
G0120,T1552
G0120,T1105
G0120,T1555
G0120,T1204
G0120,T1071
G0120,T1070
G0120,T1059
G0120,T1539
G0120,T1518
G0120,T1574
G0120,T1041
G0120,T1140
G0120,T1566
G1011,T1559
G1011,T1135
G1011,T1012
G1011,T1027
G1011,T1057
G1011,T1497
G1011,T1083
G1011,T1016
G1011,T1106
G1011,T1203
G1011,T1594
G1011,T1132
G1011,T1583
G1011,T1197
G1011,T1082
G1011,T1547
G1011,T1573
G1011,T1102
G1011,T1005
G1011,T1548
G1011,T1053
G1011,T1553
G1011,T1593
G1011,T1622
G1011,T1033
G1011,T1036
G1011,T1218
G1011,T1047
G1011,T1568
G1011,T1614
G1011,T1105
G1011,T1589
G1011,T1104
G1011,T1008
G1011,T1204
G1011,T1482
G1011,T1071
G1011,T1070
G1011,T1059
G1011,T1018
G1011,T1129
G1011,T1585
G1011,T1124
G1011,T1087
G1011,T1518
G1011,T1562
G1011,T1055
G1011,T1041
G1011,T1560
G1011,T1597
G1011,T1608
G1011,T1140
G1011,T1566
G0137,T1057
G0137,T1588
G0137,T1074
G0137,T1083
G0137,T1106
G0137,T1082
G0137,T1583
G0137,T1197
G0137,T1547
G0137,T1005
G0137,T1570
G0137,T1033
G0137,T1036
G0137,T1614
G0137,T1105
G0137,T1555
G0137,T1048
G0137,T1204
G0137,T1071
G0137,T1115
G0137,T1059
G0137,T1518
G0137,T1041
G0137,T1113
G0137,T1056
G0137,T1566
G0051,T1135
G0051,T1003
G0051,T1027
G0051,T1057
G0051,T1040
G0051,T1588
G0051,T1615
G0051,T1068
G0051,T1083
G0051,T1217
G0051,T1016
G0051,T1106
G0051,T1543
G0051,T1550
G0051,T1484
G0051,T1210
G0051,T1127
G0051,T1119
G0051,T1082
G0051,T1547
G0051,T1573
G0051,T1021
G0051,T1102
G0051,T1570
G0051,T1548
G0051,T1053
G0051,T1033
G0051,T1567
G0051,T1047
G0051,T1552
G0051,T1105
G0051,T1555
G0051,T1482
G0051,T1136
G0051,T1071
G0051,T1049
G0051,T1115
G0051,T1070
G0051,T1078
G0051,T1059
G0051,T1087
G0051,T1557
G0051,T1020
G0051,T1558
G0051,T1518
G0051,T1055
G0051,T1574
G0051,T1041
G0051,T1560
G0051,T1113
G0051,T1114
G0051,T1546
G0051,T1046
G0051,T1134
G0051,T1569
G0051,T1056
G0051,T1125
G0085,T1090
G0085,T1114
G0085,T1204
G0085,T1564
G0085,T1071
G0085,T1078
G0085,T1059
G0085,T1056
G0085,T1566
G0053,T1003
G0053,T1588
G0053,T1074
G0053,T1543
G0053,T1119
G0053,T1110
G0053,T1021
G0053,T1005
G0053,T1133
G0053,T1570
G0053,T1485
G0053,T1036
G0053,T1136
G0053,T1078
G0053,T1070
G0053,T1059
G0053,T1018
G0053,T1560
G0053,T1090
G0053,T1572
G0053,T1569
G0037,T1074
G0037,T1068
G0037,T1083
G0037,T1550
G0037,T1547
G0037,T1570
G0037,T1033
G0037,T0828
G0037,T1552
G0037,T1105
G0037,T1489
G0037,T1007
G0037,T1070
G0037,T1018
G0037,T1087
G0037,T1055
G0037,T1029
G0037,T1113
G0037,T1056
G0037,T1566
G0037,T1213
G0037,T1588
G0037,T1620
G0037,T1203
G0037,T1573
G0037,T1185
G0037,T1548
G0037,T1001
G0037,T1218
G0037,T1048
G0037,T1204
G0037,T1071
G0037,T1486
G0037,T1558
G0037,T1562
G0037,T1560
G0037,T0829
G0037,T0827
G0037,T1140
G0037,T1134
G0037,T1012
G0037,T1027
G0037,T1490
G0037,T1030
G0037,T1112
G0037,T1132
G0037,T1082
G0037,T1005
G0037,T1098
G0037,T1529
G0037,T1053
G0037,T1036
G0037,T1047
G0037,T1568
G0037,T1649
G0037,T1207
G0037,T1078
G0037,T1059
G0037,T1518
G0037,T1041
G0037,T1090
G0037,T1572
G0037,T1095
G0037,T1569
G0037,T1135
G0037,T1003
G0037,T1057
G0037,T1137
G0037,T1497
G0037,T1564
G0037,T1069
G0037,T1016
G0037,T1026
G0037,T1106
G0037,T1543
G0037,T1119
G0037,T1197
G0037,T1110
G0037,T1222
G0037,T1120
G0037,T1021
G0037,T1102
G0037,T1205
G0037,T1553
G0037,T1614
G0037,T1555
G0037,T1482
G0037,T1136
G0037,T1049
G0037,T1115
G0037,T1531
G0037,T1046
G0046,T1559
G0046,T1068
G0046,T1083
G0046,T1550
G0046,T1210
G0046,T1547
G0046,T1033
G0046,T0828
G0046,T1552
G0046,T1105
G0046,T0882
G0046,T0863
G0046,T1489
G0046,T1007
G0046,T1070
G0046,T1018
G0046,T1087
G0046,T0886
G0046,T1055
G0046,T1029
G0046,T1113
G0046,T1201
G0046,T1034
G0046,T1056
G0046,T1566
G0046,T1571
G0046,T1620
G0046,T1587
G0046,T1217
G0046,T1203
G0046,T1573
G0046,T1189
G0046,T1185
G0046,T1548
G0046,T1001
G0046,T1218
G0046,T1204
G0046,T1071
G0046,T1486
G0046,T1558
G0046,T1124
G0046,T1562
G0046,T1560
G0046,T1091
G0046,T1140
G0046,T1134
G0046,T1012
G0046,T1027
G0046,T1490
G0046,T1030
G0046,T1112
G0046,T0881
G0046,T1583
G0046,T1132
G0046,T1082
G0046,T0853
G0046,T1005
G0046,T1098
G0046,T1053
G0046,T0849
G0046,T1036
G0046,T1567
G0046,T1047
G0046,T1649
G0046,T1008
G0046,T1207
G0046,T1078
G0046,T1059
G0046,T1129
G0046,T1518
G0046,T1041
G0046,T1090
G0046,T1546
G0046,T1572
G0046,T1095
G0046,T1569
G0046,T1135
G0046,T1003
G0046,T1123
G0046,T1057
G0046,T1137
G0046,T1497
G0046,T1564
G0046,T1069
G0046,T1016
G0046,T1026
G0046,T1106
G0046,T1543
G0046,T1197
G0046,T1110
G0046,T1021
G0046,T1102
G0046,T1219
G0046,T1553
G0046,T1485
G0046,T1614
G0046,T1555
G0046,T1482
G0046,T1136
G0046,T0869
G0046,T1049
G0046,T1574
G0046,T1114
G0046,T1046
G0046,T1125
G0061,T1135
G0061,T1003
G0061,T1027
G0061,T1040
G0061,T1074
G0061,T1068
G0061,T1069
G0061,T1016
G0061,T1112
G0061,T1082
G0061,T1547
G0061,T1573
G0061,T1021
G0061,T1102
G0061,T1005
G0061,T1053
G0061,T1036
G0061,T1047
G0061,T1218
G0061,T1105
G0061,T1048
G0061,T1482
G0061,T1204
G0061,T1136
G0061,T1007
G0061,T1071
G0061,T1049
G0061,T1070
G0061,T1078
G0061,T1059
G0061,T1018
G0061,T1129
G0061,T1558
G0061,T1124
G0061,T1557
G0061,T1087
G0061,T1518
G0061,T1055
G0061,T1560
G0061,T1201
G0061,T1546
G0061,T1140
G0061,T1134
G0061,T1569
G0061,T1566
G0117,T1003
G0117,T1012
G0117,T1027
G0117,T1039
G0117,T1213
G0117,T1083
G0117,T1217
G0117,T1016
G0117,T1543
G0117,T1210
G0117,T1082
G0117,T1110
G0117,T1573
G0117,T1021
G0117,T1005
G0117,T1102
G0117,T1570
G0117,T1053
G0117,T1505
G0117,T1036
G0117,T1567
G0117,T1552
G0117,T1568
G0117,T1105
G0117,T1190
G0117,T1555
G0117,T1489
G0117,T1136
G0117,T1071
G0117,T1486
G0117,T1078
G0117,T1070
G0117,T1059
G0117,T1018
G0117,T1087
G0117,T1585
G0117,T1560
G0117,T1530
G0117,T1090
G0117,T1546
G0117,T1046
G0117,T1572
G0117,T1095
G0117,T1569
G0093,T1135
G0093,T1095
G0093,T1003
G0093,T1012
G0093,T1027
G0093,T1571
G0093,T1057
G0093,T1040
G0093,T1588
G0093,T1497
G0093,T1074
G0093,T1564
G0093,T1083
G0093,T1069
G0093,T1016
G0093,T1026
G0093,T1014
G0093,T1106
G0093,T1543
G0093,T1550
G0093,T1112
G0093,T1127
G0093,T1132
G0093,T1082
G0093,T1583
G0093,T1110
G0093,T1547
G0093,T1573
G0093,T1021
G0093,T1102
G0093,T1005
G0093,T1133
G0093,T1098
G0093,T1570
G0093,T1053
G0093,T1553
G0093,T1505
G0093,T1033
G0093,T1036
G0093,T1047
G0093,T1552
G0093,T1190
G0093,T1105
G0093,T1649
G0093,T1555
G0093,T1136
G0093,T1007
G0093,T1071
G0093,T1049
G0093,T1070
G0093,T1078
G0093,T1059
G0093,T1207
G0093,T1018
G0093,T1087
G0093,T1558
G0093,T1124
G0093,T1010
G0093,T1055
G0093,T1574
G0093,T1041
G0093,T1560
G0093,T1113
G0093,T1090
G0093,T1201
G0093,T1046
G0093,T1140
G0093,T1134
G0093,T1569
G0093,T1056
G0084,T1559
G0084,T1027
G0084,T1560
G0084,T1204
G0084,T1059
G0084,T1566
G0047,T1559
G0047,T1135
G0047,T1491
G0047,T1057
G0047,T1027
G0047,T1039
G0047,T1137
G0047,T1497
G0047,T1074
G0047,T1564
G0047,T1221
G0047,T1083
G0047,T1016
G0047,T1106
G0047,T1112
G0047,T1082
G0047,T1119
G0047,T1583
G0047,T1547
G0047,T1120
G0047,T1021
G0047,T1005
G0047,T1102
G0047,T1053
G0047,T1033
G0047,T1485
G0047,T1036
G0047,T1218
G0047,T1047
G0047,T1568
G0047,T1105
G0047,T1534
G0047,T1025
G0047,T1204
G0047,T1071
G0047,T1070
G0047,T1059
G0047,T1018
G0047,T1562
G0047,T1020
G0047,T1041
G0047,T1113
G0047,T1608
G0047,T1080
G0047,T1480
G0047,T1140
G0047,T1566
G0036,T1021
G0115,T1012
G0115,T1027
G0115,T1490
G0115,T1083
G0115,T1069
G0115,T1195
G0115,T1106
G0115,T1112
G0115,T0881
G0115,T1082
G0115,T1199
G0115,T0853
G0115,T1573
G0115,T1189
G0115,T1133
G0115,T1219
G0115,T0849
G0115,T1485
G0115,T1036
G0115,T1047
G0115,T1614
G0115,T1190
G0115,T1105
G0115,T0828
G0115,T0882
G0115,T1204
G0115,T0869
G0115,T1071
G0115,T1007
G0115,T0863
G0115,T1070
G0115,T1486
G0115,T1059
G0115,T1489
G0115,T1562
G0115,T0886
G0115,T1055
G0115,T1041
G0115,T1113
G0115,T1140
G0115,T1134
G0115,T1125
G0115,T1566
G0078,T1012
G0078,T1027
G0078,T1057
G0078,T1123
G0078,T1571
G0078,T1588
G0078,T1497
G0078,T1564
G0078,T1083
G0078,T1016
G0078,T1106
G0078,T1112
G0078,T1132
G0078,T1082
G0078,T1547
G0078,T1573
G0078,T1120
G0078,T1021
G0078,T1005
G0078,T1548
G0078,T1053
G0078,T1553
G0078,T1033
G0078,T1614
G0078,T1568
G0078,T1105
G0078,T1552
G0078,T1555
G0078,T1204
G0078,T1071
G0078,T1115
G0078,T1070
G0078,T1059
G0078,T1018
G0078,T1562
G0078,T1010
G0078,T1055
G0078,T1041
G0078,T1113
G0078,T1090
G0078,T1091
G0078,T1140
G0078,T1095
G0078,T1056
G0078,T1125
G0078,T1566
G0043,T1012
G0043,T1027
G0043,T1057
G0043,T1123
G0043,T1571
G0043,T1083
G0043,T1016
G0043,T1106
G0043,T1112
G0043,T1132
G0043,T1082
G0043,T1547
G0043,T1573
G0043,T1120
G0043,T1021
G0043,T1005
G0043,T1033
G0043,T1568
G0043,T1105
G0043,T1555
G0043,T1071
G0043,T1070
G0043,T1059
G0043,T1018
G0043,T1562
G0043,T1010
G0043,T1041
G0043,T1113
G0043,T1091
G0043,T1056
G0043,T1125
G0125,T1095
G0125,T1003
G0125,T1027
G0125,T1040
G0125,T1564
G0125,T1083
G0125,T1543
G0125,T1112
G0125,T1132
G0125,T1583
G0125,T1110
G0125,T1592
G0125,T1590
G0125,T1021
G0125,T1005
G0125,T1570
G0125,T1053
G0125,T1505
G0125,T1036
G0125,T1567
G0125,T1218
G0125,T1047
G0125,T1190
G0125,T1105
G0125,T1589
G0125,T1136
G0125,T1071
G0125,T1078
G0125,T1070
G0125,T1059
G0125,T1557
G0125,T1558
G0125,T1560
G0125,T1114
G0125,T1046
G0125,T1134
G0125,T1569
G1001,T1559
G1001,T1615
G1001,T1074
G1001,T1068
G1001,T1083
G1001,T1550
G1001,T1210
G1001,T1547
G1001,T1570
G1001,T1033
G1001,T1552
G1001,T1105
G1001,T1007
G1001,T1070
G1001,T1018
G1001,T1087
G1001,T1585
G1001,T1055
G1001,T1029
G1001,T1113
G1001,T1201
G1001,T1586
G1001,T1608
G1001,T1056
G1001,T1566
G1001,T1588
G1001,T1217
G1001,T1573
G1001,T1548
G1001,T1001
G1001,T1048
G1001,T1204
G1001,T1071
G1001,T1558
G1001,T1560
G1001,T1140
G1001,T1134
G1001,T1012
G1001,T1027
G1001,T1030
G1001,T1484
G1001,T1132
G1001,T1583
G1001,T1082
G1001,T1005
G1001,T1098
G1001,T1053
G1001,T1036
G1001,T1567
G1001,T1047
G1001,T1568
G1001,T1649
G1001,T1008
G1001,T1207
G1001,T1059
G1001,T1518
G1001,T1557
G1001,T1010
G1001,T1041
G1001,T1090
G1001,T1546
G1001,T1572
G1001,T1569
G1001,T1591
G1001,T1135
G1001,T1003
G1001,T1057
G1001,T1040
G1001,T1497
G1001,T1564
G1001,T1069
G1001,T1016
G1001,T1106
G1001,T1543
G1001,T1127
G1001,T1119
G1001,T1197
G1001,T1110
G1001,T1021
G1001,T1102
G1001,T1534
G1001,T1555
G1001,T1589
G1001,T1482
G1001,T1136
G1001,T1049
G1001,T1115
G1001,T1020
G1001,T1574
G1001,T1114
G1001,T1046
G1001,T1125
G0126,T1135
G0126,T1220
G0126,T1012
G0126,T1027
G0126,T1057
G0126,T1497
G0126,T1564
G0126,T1083
G0126,T1016
G0126,T1026
G0126,T1106
G0126,T1543
G0126,T1203
G0126,T1112
G0126,T1127
G0126,T1132
G0126,T1082
G0126,T1547
G0126,T1573
G0126,T1102
G0126,T1053
G0126,T1553
G0126,T1001
G0126,T1036
G0126,T1218
G0126,T1568
G0126,T1105
G0126,T1204
G0126,T1049
G0126,T1071
G0126,T1070
G0126,T1059
G0126,T1129
G0126,T1124
G0126,T1055
G0126,T1029
G0126,T1574
G0126,T1041
G0126,T1113
G0126,T1090
G0126,T1140
G0126,T1095
G0126,T1569
G0126,T1056
G0126,T1566
G0100,T1003
G0100,T1027
G0100,T1057
G0100,T1588
G0100,T1221
G0100,T1564
G0100,T1083
G0100,T1069
G0100,T1016
G0100,T1203
G0100,T1112
G0100,T1132
G0100,T1082
G0100,T1547
G0100,T1573
G0100,T1102
G0100,T1005
G0100,T1033
G0100,T1218
G0100,T1552
G0100,T1105
G0100,T1555
G0100,T1204
G0100,T1071
G0100,T1070
G0100,T1059
G0100,T1518
G0100,T1041
G0100,T1560
G0100,T1090
G0100,T1566
G0136,T1027
G0136,T1588
G0136,T1074
G0136,T1083
G0136,T1016
G0136,T1014
G0136,T1106
G0136,T1543
G0136,T1112
G0136,T1132
G0136,T1583
G0136,T1547
G0136,T1573
G0136,T1102
G0136,T1005
G0136,T1567
G0136,T1105
G0136,T1204
G0136,T1071
G0136,T1059
G0136,T1518
G0136,T1010
G0136,T1055
G0136,T1041
G0136,T1586
G0136,T1140
G0136,T1056
G0136,T1566
G0119,T1615
G0119,T1074
G0119,T1068
G0119,T1083
G0119,T1550
G0119,T1210
G0119,T1547
G0119,T1570
G0119,T1033
G0119,T1552
G0119,T1105
G0119,T1489
G0119,T1007
G0119,T1070
G0119,T1018
G0119,T1087
G0119,T1055
G0119,T1029
G0119,T1113
G0119,T1480
G0119,T1056
G0119,T1620
G0119,T1217
G0119,T1203
G0119,T1573
G0119,T1185
G0119,T1548
G0119,T1001
G0119,T1218
G0119,T1204
G0119,T1071
G0119,T1486
G0119,T1558
G0119,T1562
G0119,T1560
G0119,T1140
G0119,T1134
G0119,T1012
G0119,T1027
G0119,T1490
G0119,T1030
G0119,T1112
G0119,T1484
G0119,T1132
G0119,T1082
G0119,T1005
G0119,T1098
G0119,T1053
G0119,T1036
G0119,T1567
G0119,T1047
G0119,T1649
G0119,T1207
G0119,T1078
G0119,T1059
G0119,T1518
G0119,T1557
G0119,T1041
G0119,T1090
G0119,T1546
G0119,T1572
G0119,T1095
G0119,T1569
G0119,T1584
G0119,T1135
G0119,T1003
G0119,T1057
G0119,T1040
G0119,T1137
G0119,T1497
G0119,T1564
G0119,T1069
G0119,T1016
G0119,T1026
G0119,T1106
G0119,T1543
G0119,T1127
G0119,T1119
G0119,T1197
G0119,T1222
G0119,T1120
G0119,T1021
G0119,T1102
G0119,T1219
G0119,T1553
G0119,T1555
G0119,T1482
G0119,T1136
G0119,T1049
G0119,T1115
G0119,T1020
G0119,T1574
G0119,T1114
G0119,T1046
G0119,T1125
G0004,T1559
G0004,T1135
G0004,T1003
G0004,T1027
G0004,T1057
G0004,T1213
G0004,T1588
G0004,T1497
G0004,T1587
G0004,T1564
G0004,T1083
G0004,T1069
G0004,T1016
G0004,T1543
G0004,T1550
G0004,T1112
G0004,T1132
G0004,T1119
G0004,T1082
G0004,T1547
G0004,T1573
G0004,T1021
G0004,T1005
G0004,T1133
G0004,T1098
G0004,T1053
G0004,T1001
G0004,T1033
G0004,T1036
G0004,T1614
G0004,T1552
G0004,T1105
G0004,T1649
G0004,T1190
G0004,T1555
G0004,T1136
G0004,T1007
G0004,T1071
G0004,T1049
G0004,T1070
G0004,T1078
G0004,T1059
G0004,T1207
G0004,T1018
G0004,T1087
G0004,T1558
G0004,T1020
G0004,T1124
G0004,T1518
G0004,T1574
G0004,T1041
G0004,T1560
G0004,T1201
G0004,T1114
G0004,T1090
G0004,T1140
G0004,T1134
G0004,T1569
G0004,T1056
G0094,T1074
G0094,T1083
G0094,T1550
G0094,T1547
G0094,T1570
G0094,T1593
G0094,T1505
G0094,T1033
G0094,T1552
G0094,T1105
G0094,T1007
G0094,T1070
G0094,T1176
G0094,T1585
G0094,T1055
G0094,T1113
G0094,T1586
G0094,T1608
G0094,T1056
G0094,T1566
G0094,T1588
G0094,T1587
G0094,T1133
G0094,T1548
G0094,T1218
G0094,T1190
G0094,T1048
G0094,T1204
G0094,T1071
G0094,T1562
G0094,T1124
G0094,T1558
G0094,T1560
G0094,T1140
G0094,T1134
G0094,T1012
G0094,T1027
G0094,T1030
G0094,T1112
G0094,T1111
G0094,T1132
G0094,T1583
G0094,T1082
G0094,T1005
G0094,T1098
G0094,T1053
G0094,T1036
G0094,T1567
G0094,T1649
G0094,T1025
G0094,T1008
G0094,T1207
G0094,T1078
G0094,T1059
G0094,T1518
G0094,T1557
G0094,T1041
G0094,T1546
G0094,T1569
G0094,T1591
G0094,T1598
G0094,T1584
G0094,T1037
G0094,T1003
G0094,T1057
G0094,T1040
G0094,T1497
G0094,T1564
G0094,T1016
G0094,T1106
G0094,T1543
G0094,T1594
G0094,T1119
G0094,T1021
G0094,T1102
G0094,T1219
G0094,T1553
G0094,T1534
G0094,T1555
G0094,T1589
G0094,T1136
G0094,T1114
G1004,T1003
G1004,T1213
G1004,T1588
G1004,T1068
G1004,T1069
G1004,T1550
G1004,T1111
G1004,T1583
G1004,T1199
G1004,T1578
G1004,T1547
G1004,T1005
G1004,T1133
G1004,T1098
G1004,T1593
G1004,T1485
G1004,T1552
G1004,T1649
G1004,T1555
G1004,T1589
G1004,T1204
G1004,T1136
G1004,T1207
G1004,T1078
G1004,T1087
G1004,T1558
G1004,T1531
G1004,T1597
G1004,T1114
G1004,T1090
G1004,T1621
G1004,T1134
G1004,T1591
G0032,T1491
G0032,T1221
G0032,T1074
G0032,T1083
G0032,T1550
G0032,T1210
G0032,T1547
G0032,T1570
G0032,T1593
G0032,T1033
G0032,T1105
G0032,T1489
G0032,T1007
G0032,T1070
G0032,T1018
G0032,T1087
G0032,T1585
G0032,T1055
G0032,T0866
G0032,T1113
G0032,T1608
G0032,T1480
G0032,T1056
G0032,T1566
G0032,T1571
G0032,T1588
G0032,T1620
G0032,T1587
G0032,T1217
G0032,T1203
G0032,T1573
G0032,T1189
G0032,T1542
G0032,T1548
G0032,T1001
G0032,T1218
G0032,T1104
G0032,T1048
G0032,T1204
G0032,T1071
G0032,T1486
G0032,T1562
G0032,T1124
G0032,T1560
G0032,T0865
G0032,T1140
G0032,T1134
G0032,T1561
G0032,T1220
G0032,T1012
G0032,T1027
G0032,T1202
G0032,T1490
G0032,T1112
G0032,T1132
G0032,T1583
G0032,T1082
G0032,T1563
G0032,T1005
G0032,T1098
G0032,T1529
G0032,T1053
G0032,T1036
G0032,T1567
G0032,T1047
G0032,T1008
G0032,T1078
G0032,T1059
G0032,T1129
G0032,T1557
G0032,T1518
G0032,T1010
G0032,T1041
G0032,T1090
G0032,T1546
G0032,T1095
G0032,T1569
G0032,T1591
G0032,T1584
G0032,T1003
G0032,T1057
G0032,T1040
G0032,T1497
G0032,T1564
G0032,T1016
G0032,T1106
G0032,T1543
G0032,T1119
G0032,T1110
G0032,T1222
G0032,T1120
G0032,T1021
G0032,T1102
G0032,T1553
G0032,T1485
G0032,T1614
G0032,T1534
G0032,T1589
G0032,T1049
G0032,T0867
G0032,T1574
G0032,T1046
G0140,T1615
G0140,T1068
G0140,T1083
G0140,T1550
G0140,T1210
G0140,T1547
G0140,T1033
G0140,T1552
G0140,T1105
G0140,T1070
G0140,T1018
G0140,T1087
G0140,T1055
G0140,T1113
G0140,T1608
G0140,T1056
G0140,T1566
G0140,T1571
G0140,T1588
G0140,T1217
G0140,T1573
G0140,T1548
G0140,T1218
G0140,T1204
G0140,T1071
G0140,T1562
G0140,T1558
G0140,T1560
G0140,T1091
G0140,T1140
G0140,T1134
G0140,T1012
G0140,T1027
G0140,T1112
G0140,T1484
G0140,T1132
G0140,T1583
G0140,T1082
G0140,T1005
G0140,T1053
G0140,T1036
G0140,T1567
G0140,T1047
G0140,T1568
G0140,T1059
G0140,T1518
G0140,T1557
G0140,T1010
G0140,T1041
G0140,T1090
G0140,T1546
G0140,T1572
G0140,T1095
G0140,T1569
G0140,T1135
G0140,T1003
G0140,T1123
G0140,T1057
G0140,T1040
G0140,T1497
G0140,T1564
G0140,T1016
G0140,T1106
G0140,T1543
G0140,T1127
G0140,T1119
G0140,T1120
G0140,T1102
G0140,T1021
G0140,T1553
G0140,T1614
G0140,T1555
G0140,T1482
G0140,T1136
G0140,T1049
G0140,T1115
G0140,T1020
G0140,T1574
G0140,T1114
G0140,T1046
G0140,T1125
G0077,T1003
G0077,T1027
G0077,T1588
G0077,T1083
G0077,T1543
G0077,T1550
G0077,T1110
G0077,T1547
G0077,T1189
G0077,T1021
G0077,T1098
G0077,T1570
G0077,T1552
G0077,T1649
G0077,T1555
G0077,T1136
G0077,T1207
G0077,T1059
G0077,T1018
G0077,T1087
G0077,T1558
G0077,T1055
G0077,T1114
G0077,T1046
G0077,T1134
G0077,T1569
G0065,T1559
G0065,T1615
G0065,T1074
G0065,T1068
G0065,T1083
G0065,T1550
G0065,T1210
G0065,T1547
G0065,T1570
G0065,T1505
G0065,T1033
G0065,T1552
G0065,T1105
G0065,T1007
G0065,T1070
G0065,T1018
G0065,T1087
G0065,T1585
G0065,T1055
G0065,T1029
G0065,T1113
G0065,T1201
G0065,T1586
G0065,T1034
G0065,T1056
G0065,T1566
G0065,T1571
G0065,T1620
G0065,T1217
G0065,T1203
G0065,T1573
G0065,T1189
G0065,T1133
G0065,T1185
G0065,T1548
G0065,T1001
G0065,T1218
G0065,T1104
G0065,T1048
G0065,T1204
G0065,T1071
G0065,T1558
G0065,T1124
G0065,T1562
G0065,T1560
G0065,T1140
G0065,T1134
G0065,T1012
G0065,T1027
G0065,T1030
G0065,T1112
G0065,T1484
G0065,T1132
G0065,T1583
G0065,T1082
G0065,T1005
G0065,T1053
G0065,T1567
G0065,T1047
G0065,T1568
G0065,T1008
G0065,T1078
G0065,T1059
G0065,T1129
G0065,T1557
G0065,T1518
G0065,T1041
G0065,T1090
G0065,T1546
G0065,T1572
G0065,T1095
G0065,T1569
G0065,T1135
G0065,T1003
G0065,T1123
G0065,T1057
G0065,T1040
G0065,T1137
G0065,T1497
G0065,T1564
G0065,T1069
G0065,T1016
G0065,T1026
G0065,T1106
G0065,T1543
G0065,T1127
G0065,T1119
G0065,T1197
G0065,T1110
G0065,T1021
G0065,T1102
G0065,T1553
G0065,T1534
G0065,T1589
G0065,T1555
G0065,T1482
G0065,T1136
G0065,T1049
G0065,T1115
G0065,T1020
G0065,T1574
G0065,T1114
G0065,T1046
G0065,T1125
G0030,T1027
G0030,T1057
G0030,T1615
G0030,T1074
G0030,T1083
G0030,T1069
G0030,T1016
G0030,T1543
G0030,T1132
G0030,T1082
G0030,T1547
G0030,T1573
G0030,T1036
G0030,T1218
G0030,T1105
G0030,T1071
G0030,T1007
G0030,T1070
G0030,T1059
G0030,T1087
G0030,T1055
G0095,T1027
G0095,T1057
G0095,T1123
G0095,T1074
G0095,T1564
G0095,T1083
G0095,T1217
G0095,T1016
G0095,T1132
G0095,T1082
G0095,T1547
G0095,T1573
G0095,T1189
G0095,T1120
G0095,T1005
G0095,T1053
G0095,T1036
G0095,T1218
G0095,T1552
G0095,T1105
G0095,T1555
G0095,T1025
G0095,T1008
G0095,T1204
G0095,T1049
G0095,T1071
G0095,T1115
G0095,T1070
G0095,T1059
G0095,T1020
G0095,T1010
G0095,T1029
G0095,T1041
G0095,T1560
G0095,T1113
G0095,T1052
G0095,T1140
G0095,T1056
G0095,T1125
G0095,T1566
G0059,T1074
G0059,T1083
G0059,T1550
G0059,T1547
G0059,T1570
G0059,T1505
G0059,T1033
G0059,T1552
G0059,T1105
G0059,T1007
G0059,T1070
G0059,T1018
G0059,T1087
G0059,T1585
G0059,T1055
G0059,T1113
G0059,T1201
G0059,T1586
G0059,T1056
G0059,T1566
G0059,T1571
G0059,T1588
G0059,T1595
G0059,T1217
G0059,T1573
G0059,T1189
G0059,T1548
G0059,T1218
G0059,T1190
G0059,T1048
G0059,T1204
G0059,T1071
G0059,T1562
G0059,T1124
G0059,T1558
G0059,T1560
G0059,T1140
G0059,T1134
G0059,T1012
G0059,T1027
G0059,T1112
G0059,T1132
G0059,T1583
G0059,T1082
G0059,T1005
G0059,T1098
G0059,T1053
G0059,T1036
G0059,T1047
G0059,T1649
G0059,T1008
G0059,T1207
G0059,T1059
G0059,T1518
G0059,T1557
G0059,T1041
G0059,T1090
G0059,T1546
G0059,T1569
G0059,T1598
G0059,T1584
G0059,T1135
G0059,T1003
G0059,T1123
G0059,T1057
G0059,T1497
G0059,T1564
G0059,T1069
G0059,T1016
G0059,T1543
G0059,T1021
G0059,T1102
G0059,T1555
G0059,T1589
G0059,T1136
G0059,T1049
G0059,T1114
G0059,T1046
G0059,T1125
G0045,T1074
G0045,T1068
G0045,T1083
G0045,T1550
G0045,T1210
G0045,T1547
G0045,T1570
G0045,T1033
G0045,T1552
G0045,T1105
G0045,T1007
G0045,T1070
G0045,T1018
G0045,T1087
G0045,T1055
G0045,T1029
G0045,T1113
G0045,T1201
G0045,T1034
G0045,T1056
G0045,T1566
G0045,T1571
G0045,T1588
G0045,T1620
G0045,T1203
G0045,T1199
G0045,T1573
G0045,T1185
G0045,T1548
G0045,T1001
G0045,T1218
G0045,T1190
G0045,T1204
G0045,T1071
G0045,T1558
G0045,T1124
G0045,T1562
G0045,T1560
G0045,T1140
G0045,T1134
G0045,T1012
G0045,T1027
G0045,T1030
G0045,T1112
G0045,T1132
G0045,T1583
G0045,T1082
G0045,T1005
G0045,T1098
G0045,T1053
G0045,T1036
G0045,T1047
G0045,T1568
G0045,T1649
G0045,T1207
G0045,T1078
G0045,T1059
G0045,T1518
G0045,T1557
G0045,T1010
G0045,T1090
G0045,T1572
G0045,T1095
G0045,T1569
G0045,T1135
G0045,T1003
G0045,T1123
G0045,T1057
G0045,T1039
G0045,T1040
G0045,T1137
G0045,T1497
G0045,T1564
G0045,T1069
G0045,T1016
G0045,T1026
G0045,T1014
G0045,T1106
G0045,T1543
G0045,T1127
G0045,T1119
G0045,T1197
G0045,T1021
G0045,T1102
G0045,T1553
G0045,T1614
G0045,T1555
G0045,T1482
G0045,T1136
G0045,T1049
G0045,T1574
G0045,T1046
G0045,T1125
G0002,T1014
G0002,T1055
G0002,T1010
G0002,T1027
G0002,T1547
G0002,T1105
G0002,T1573
G0002,T1074
G0002,T1005
G0002,T1059
G0002,T1056
G0002,T1543
G0002,T1112
G0103,T1135
G0103,T1027
G0103,T1057
G0103,T1083
G0103,T1069
G0103,T1016
G0103,T1106
G0103,T1543
G0103,T1112
G0103,T1119
G0103,T1082
G0103,T1547
G0103,T1005
G0103,T1548
G0103,T1036
G0103,T1105
G0103,T1008
G0103,T1204
G0103,T1049
G0103,T1071
G0103,T1070
G0103,T1059
G0103,T1518
G0103,T1087
G0103,T1020
G0103,T1029
G0103,T1574
G0103,T1041
G0103,T1560
G0103,T1090
G0103,T1546
G0103,T1140
G0103,T1566
G0021,T1027
G0021,T1057
G0021,T1497
G0021,T1074
G0021,T1083
G0021,T1014
G0021,T1543
G0021,T1112
G0021,T1132
G0021,T1082
G0021,T1547
G0021,T1573
G0021,T1120
G0021,T1102
G0021,T1005
G0021,T1570
G0021,T1053
G0021,T1553
G0021,T1033
G0021,T1567
G0021,T1218
G0021,T1047
G0021,T1614
G0021,T1105
G0021,T1555
G0021,T1008
G0021,T1204
G0021,T1071
G0021,T1070
G0021,T1059
G0021,T1518
G0021,T1010
G0021,T1055
G0021,T1041
G0021,T1560
G0021,T1113
G0021,T1091
G0021,T1140
G0021,T1056
G0021,T1566
G1009,T1027
G1009,T1588
G1009,T1497
G1009,T1587
G1009,T1083
G1009,T1016
G1009,T1106
G1009,T1543
G1009,T1112
G1009,T1082
G1009,T1573
G1009,T1021
G1009,T1005
G1009,T1529
G1009,T1570
G1009,T1053
G1009,T1553
G1009,T1505
G1009,T1033
G1009,T1036
G1009,T1047
G1009,T1190
G1009,T1105
G1009,T1136
G1009,T1049
G1009,T1486
G1009,T1070
G1009,T1059
G1009,T1087
G1009,T1562
G1009,T1124
G1009,T1041
G1009,T1113
G1009,T1140
G1009,T1569
G0069,T1559
G0069,T1615
G0069,T1074
G0069,T1068
G0069,T1083
G0069,T1550
G0069,T1210
G0069,T1547
G0069,T1033
G0069,T1552
G0069,T1105
G0069,T1070
G0069,T1018
G0069,T1087
G0069,T1055
G0069,T1029
G0069,T1113
G0069,T1201
G0069,T1034
G0069,T1480
G0069,T1056
G0069,T1566
G0069,T1588
G0069,T1620
G0069,T1217
G0069,T1203
G0069,T1573
G0069,T1548
G0069,T1001
G0069,T1218
G0069,T1190
G0069,T1104
G0069,T1204
G0069,T1071
G0069,T1558
G0069,T1124
G0069,T1562
G0069,T1560
G0069,T1140
G0069,T1134
G0069,T1012
G0069,T1027
G0069,T1112
G0069,T1484
G0069,T1132
G0069,T1082
G0069,T1583
G0069,T1005
G0069,T1098
G0069,T1053
G0069,T1036
G0069,T1567
G0069,T1047
G0069,T1649
G0069,T1207
G0069,T1059
G0069,T1518
G0069,T1557
G0069,T1041
G0069,T1090
G0069,T1546
G0069,T1569
G0069,T1135
G0069,T1003
G0069,T1123
G0069,T1057
G0069,T1040
G0069,T1137
G0069,T1564
G0069,T1069
G0069,T1016
G0069,T1106
G0069,T1543
G0069,T1127
G0069,T1119
G0069,T1110
G0069,T1102
G0069,T1021
G0069,T1219
G0069,T1555
G0069,T1589
G0069,T1482
G0069,T1136
G0069,T1049
G0069,T1115
G0069,T1020
G0069,T1574
G0069,T1114
G0069,T1046
G0069,T1125
G0129,T1135
G0129,T1095
G0129,T1003
G0129,T1012
G0129,T1027
G0129,T1057
G0129,T1040
G0129,T1137
G0129,T1620
G0129,T1497
G0129,T1074
G0129,T1564
G0129,T1068
G0129,T1083
G0129,T1069
G0129,T1016
G0129,T1030
G0129,T1026
G0129,T1014
G0129,T1106
G0129,T1543
G0129,T1550
G0129,T1112
G0129,T1203
G0129,T1127
G0129,T1132
G0129,T1119
G0129,T1583
G0129,T1197
G0129,T1082
G0129,T1547
G0129,T1573
G0129,T1102
G0129,T1021
G0129,T1219
G0129,T1005
G0129,T1185
G0129,T1548
G0129,T1053
G0129,T1553
G0129,T1001
G0129,T1033
G0129,T1036
G0129,T1218
G0129,T1047
G0129,T1105
G0129,T1204
G0129,T1049
G0129,T1007
G0129,T1071
G0129,T1070
G0129,T1078
G0129,T1059
G0129,T1018
G0129,T1087
G0129,T1585
G0129,T1518
G0129,T1562
G0129,T1010
G0129,T1055
G0129,T1029
G0129,T1574
G0129,T1560
G0129,T1113
G0129,T1052
G0129,T1090
G0129,T1546
G0129,T1046
G0129,T1608
G0129,T1091
G0129,T1572
G0129,T1140
G0129,T1134
G0129,T1569
G0129,T1056
G0129,T1566
G0019,T1135
G0019,T1095
G0019,T1027
G0019,T1057
G0019,T1137
G0019,T1074
G0019,T1083
G0019,T1069
G0019,T1016
G0019,T1106
G0019,T1543
G0019,T1082
G0019,T1547
G0019,T1573
G0019,T1021
G0019,T1005
G0019,T1570
G0019,T1053
G0019,T1033
G0019,T1036
G0019,T1567
G0019,T1047
G0019,T1568
G0019,T1105
G0019,T1555
G0019,T1025
G0019,T1008
G0019,T1204
G0019,T1136
G0019,T1007
G0019,T1071
G0019,T1048
G0019,T1070
G0019,T1078
G0019,T1059
G0019,T1049
G0019,T1018
G0019,T1087
G0019,T1562
G0019,T1124
G0019,T1518
G0019,T1010
G0019,T1055
G0019,T1574
G0019,T1560
G0019,T1113
G0019,T1090
G0019,T1201
G0019,T1546
G0019,T1046
G0019,T1140
G0019,T1134
G0019,T1569
G0019,T1056
G0019,T1566
G0055,T1082
G0055,T1055
G0055,T1574
G0055,T1547
G0055,T1068
G0055,T1070
G0055,T1569
G0055,T1543
G0055,T1518
G0133,T1074
G0133,T1564
G0133,T1083
G0133,T1016
G0133,T1132
G0133,T1082
G0133,T1547
G0133,T1005
G0133,T1033
G0133,T1036
G0133,T1567
G0133,T1047
G0133,T1105
G0133,T1204
G0133,T1071
G0133,T1059
G0133,T1041
G0133,T1560
G0133,T1113
G0133,T1566
G0049,T1135
G0049,T1003
G0049,T1012
G0049,T1027
G0049,T1057
G0049,T1137
G0049,T1497
G0049,T1074
G0049,T0817
G0049,T1564
G0049,T1083
G0049,T1069
G0049,T1016
G0049,T1030
G0049,T1106
G0049,T1543
G0049,T1550
G0049,T1112
G0049,T1132
G0049,T1119
G0049,T1082
G0049,T1110
G0049,T1547
G0049,T0853
G0049,T1573
G0049,T0859
G0049,T1120
G0049,T1021
G0049,T1005
G0049,T1133
G0049,T1098
G0049,T1570
G0049,T1053
G0049,T1553
G0049,T1001
G0049,T1505
G0049,T1033
G0049,T1036
G0049,T1047
G0049,T1552
G0049,T1568
G0049,T1105
G0049,T1649
G0049,T1218
G0049,T1555
G0049,T1048
G0049,T1008
G0049,T1204
G0049,T1136
G0049,T1007
G0049,T0869
G0049,T1115
G0049,T1071
G0049,T1070
G0049,T1059
G0049,T1078
G0049,T1018
G0049,T1049
G0049,T1207
G0049,T1087
G0049,T1558
G0049,T1124
G0049,T1518
G0049,T1055
G0049,T1041
G0049,T1560
G0049,T1113
G0049,T1201
G0049,T0865
G0049,T1046
G0049,T1572
G0049,T1140
G0049,T1134
G0049,T1569
G0049,T1056
G0049,T1566
G0071,T1135
G0071,T1027
G0071,T1057
G0071,T1083
G0071,T1069
G0071,T1016
G0071,T1543
G0071,T1082
G0071,T1021
G0071,T1570
G0071,T1033
G0071,T1036
G0071,T1218
G0071,T1105
G0071,T1008
G0071,T1136
G0071,T1071
G0071,T1007
G0071,T1049
G0071,T1070
G0071,T1059
G0071,T1018
G0071,T1087
G0071,T1124
G0071,T1201
G0071,T1140
G0071,T1569
G0040,T1559
G0040,T1095
G0040,T1003
G0040,T1012
G0040,T1027
G0040,T1571
G0040,T1123
G0040,T1039
G0040,T1137
G0040,T1057
G0040,T1588
G0040,T1620
G0040,T1587
G0040,T1074
G0040,T1564
G0040,T1083
G0040,T1016
G0040,T1106
G0040,T1543
G0040,T1203
G0040,T1112
G0040,T1132
G0040,T1119
G0040,T1197
G0040,T1082
G0040,T1547
G0040,T1573
G0040,T1189
G0040,T1120
G0040,T1021
G0040,T1102
G0040,T1005
G0040,T1548
G0040,T1053
G0040,T1553
G0040,T1033
G0040,T1036
G0040,T1047
G0040,T1614
G0040,T1552
G0040,T1105
G0040,T1555
G0040,T1025
G0040,T1482
G0040,T1204
G0040,T1071
G0040,T1070
G0040,T1059
G0040,T1518
G0040,T1558
G0040,T1020
G0040,T1087
G0040,T1562
G0040,T1055
G0040,T1574
G0040,T1560
G0040,T1113
G0040,T1090
G0040,T1034
G0040,T1091
G0040,T1140
G0040,T1134
G0040,T1056
G0040,T1125
G0040,T1566
G0011,T1095
G0011,T1003
G0011,T1012
G0011,T1027
G0011,T1057
G0011,T1588
G0011,T1074
G0011,T1014
G0011,T1106
G0011,T1543
G0011,T1550
G0011,T1112
G0011,T1132
G0011,T1082
G0011,T1547
G0011,T1573
G0011,T1005
G0011,T1098
G0011,T1218
G0011,T1552
G0011,T1568
G0011,T1105
G0011,T1649
G0011,T1555
G0011,T1207
G0011,T1078
G0011,T1070
G0011,T1059
G0011,T1129
G0011,T1558
G0011,T1010
G0011,T1055
G0011,T1574
G0011,T1560
G0011,T1113
G0011,T1140
G0011,T1134
G0011,T1569
G0011,T1056
G0068,T1003
G0068,T1012
G0068,T1027
G0068,T1057
G0068,T1068
G0068,T1083
G0068,T1069
G0068,T1016
G0068,T1132
G0068,T1082
G0068,T1197
G0068,T1547
G0068,T1573
G0068,T1189
G0068,T1222
G0068,T1033
G0068,T1036
G0068,T1105
G0068,T1204
G0068,T1071
G0068,T1007
G0068,T1070
G0068,T1059
G0068,T1518
G0068,T1562
G0068,T1055
G0068,T1029
G0068,T1546
G0068,T1095
G0068,T1056
G0068,T1566
G1005,T1132
G1005,T1583
G1005,T1033
G1005,T1016
G1005,T1199
G1005,T1567
G1005,T1041
G1005,T1105
G1005,T1588
G1005,T1090
G1005,T1102
G1005,T1005
G1005,T1071
G1005,T1078
G1005,T1083
G1005,T1059
G1005,T1550
G0033,T1003
G0033,T1036
G0033,T1057
G0033,T1049
G0033,T1007
G0033,T1059
G0033,T1087
G0056,T1027
G0056,T1057
G0056,T1571
G0056,T1587
G0056,T1564
G0056,T1083
G0056,T1016
G0056,T1543
G0056,T1082
G0056,T1119
G0056,T1547
G0056,T1573
G0056,T1189
G0056,T1205
G0056,T1553
G0056,T1036
G0056,T1105
G0056,T1204
G0056,T1071
G0056,T1078
G0056,T1070
G0056,T1059
G0056,T1518
G0056,T1562
G0056,T1020
G0056,T1041
G0056,T1560
G0056,T1090
G0056,T1569
G0024,T1082
G0024,T1055
G0024,T1027
G0024,T1547
G0024,T1057
G0024,T1552
G0024,T1573
G0024,T1071
G0024,T1083
G0024,T1070
G0024,T1059
G0024,T1562
G0075,T1012
G0075,T1057
G0075,T1083
G0075,T1016
G0075,T1112
G0075,T1082
G0075,T1547
G0075,T1573
G0075,T1548
G0075,T1053
G0075,T1553
G0075,T1218
G0075,T1552
G0075,T1105
G0075,T1204
G0075,T1071
G0075,T1059
G0075,T1140
G0075,T1566
G0106,T1037
G0106,T1027
G0106,T1057
G0106,T1571
G0106,T1564
G0106,T1014
G0106,T1543
G0106,T1082
G0106,T1547
G0106,T1222
G0106,T1021
G0106,T1102
G0106,T1053
G0106,T1036
G0106,T1552
G0106,T1190
G0106,T1105
G0106,T1496
G0106,T1071
G0106,T1070
G0106,T1059
G0106,T1018
G0106,T1518
G0106,T1562
G0106,T1055
G0106,T1574
G0106,T1046
G0106,T1140
G0048,T1559
G0048,T1027
G0048,T1057
G0048,T1571
G0048,T1497
G0048,T1083
G0048,T1106
G0048,T1112
G0048,T1119
G0048,T1082
G0048,T1547
G0048,T1573
G0048,T1189
G0048,T1120
G0048,T1102
G0048,T1219
G0048,T1548
G0048,T1053
G0048,T1553
G0048,T1033
G0048,T1036
G0048,T1218
G0048,T1568
G0048,T1105
G0048,T1204
G0048,T1071
G0048,T1115
G0048,T1070
G0048,T1059
G0048,T1518
G0048,T1124
G0048,T1574
G0048,T1113
G0048,T1056
G0048,T1566
G0034,T1559
G0034,T1491
G0034,T0801
G0034,T0814
G0034,T1074
G0034,T0817
G0034,T1406
G0034,T1083
G0034,T1550
G0034,T1210
G0034,T1547
G0034,T0815
G0034,T1570
G0034,T0840
G0034,T1593
G0034,T1505
G0034,T0804
G0034,T1033
G0034,T1533
G0034,T0828
G0034,T1552
G0034,T1105
G0034,T0863
G0034,T1489
G0034,T1007
G0034,T1070
G0034,T1018
G0034,T1087
G0034,T1585
G0034,T0813
G0034,T0886
G0034,T1055
G0034,T0866
G0034,T1499
G0034,T1113
G0034,T1407
G0034,T1201
G0034,T0805
G0034,T1056
G0034,T1566
G0034,T0837
G0034,T1571
G0034,T1213
G0034,T1588
G0034,T1587
G0034,T1595
G0034,T0800
G0034,T0809
G0034,T1203
G0034,T1199
G0034,T1573
G0034,T1189
G0034,T1133
G0034,T1542
G0034,T1548
G0034,T0872
G0034,T1218
G0034,T1474
G0034,T0803
G0034,T1204
G0034,T0884
G0034,T1071
G0034,T1486
G0034,T0846
G0034,T0822
G0034,T0816
G0034,T1562
G0034,T1124
G0034,T1558
G0034,T1560
G0034,T0829
G0034,T0865
G0034,T0827
G0034,T1140
G0034,T1134
G0034,T1561
G0034,T1012
G0034,T1027
G0034,T1490
G0034,T1195
G0034,T1112
G0034,T0881
G0034,T1583
G0034,T1132
G0034,T0807
G0034,T1082
G0034,T1592
G0034,T0853
G0034,T1590
G0034,T1554
G0034,T1005
G0034,T1437
G0034,T1529
G0034,T1098
G0034,T0806
G0034,T1053
G0034,T1521
G0034,T0849
G0034,T1036
G0034,T1047
G0034,T1649
G0034,T1008
G0034,T1207
G0034,T1078
G0034,T1059
G0034,T1129
G0034,T1518
G0034,T1041
G0034,T1090
G0034,T1572
G0034,T0819
G0034,T0802
G0034,T1569
G0034,T1598
G0034,T1591
G0034,T0823
G0034,T1584
G0034,T1135
G0034,T1037
G0034,T1003
G0034,T1057
G0034,T1040
G0034,T1495
G0034,T1069
G0034,T1016
G0034,T1430
G0034,T1106
G0034,T1543
G0034,T1623
G0034,T1594
G0034,T1575
G0034,T1110
G0034,T0831
G0034,T1222
G0034,T0888
G0034,T0859
G0034,T1120
G0034,T0855
G0034,T1021
G0034,T1102
G0034,T1219
G0034,T0857
G0034,T1553
G0034,T1485
G0034,T1555
G0034,T1589
G0034,T1426
G0034,T1136
G0034,T0869
G0034,T1049
G0034,T0867
G0034,T1574
G0034,T1046
G0034,T0832
G0029,T1001
G0029,T1082
G0029,T1095
G0029,T1036
G0029,T1057
G0029,T1041
G0029,T1105
G0029,T1573
G0029,T1071
G0029,T1005
G0029,T1083
G0029,T1070
G0029,T1217
G0029,T1059
G0029,T1056
G1008,T1027
G1008,T1074
G1008,T1083
G1008,T1016
G1008,T1106
G1008,T1082
G1008,T1547
G1008,T1005
G1008,T1033
G1008,T1036
G1008,T1218
G1008,T1047
G1008,T1614
G1008,T1105
G1008,T1204
G1008,T1071
G1008,T1059
G1008,T1518
G1008,T1574
G1008,T1041
G1008,T1608
G1008,T1140
G1008,T1095
G1008,T1598
G1008,T1566
G1008,T1584
G0121,T1559
G0121,T1135
G0121,T1003
G0121,T1027
G0121,T1057
G0121,T1074
G0121,T1564
G0121,T1083
G0121,T1016
G0121,T1203
G0121,T1082
G0121,T1119
G0121,T1547
G0121,T1573
G0121,T1021
G0121,T1005
G0121,T1548
G0121,T1053
G0121,T1033
G0121,T1036
G0121,T1218
G0121,T1047
G0121,T1105
G0121,T1204
G0121,T1071
G0121,T1115
G0121,T1059
G0121,T1518
G0121,T1020
G0121,T1124
G0121,T1055
G0121,T1574
G0121,T1046
G0121,T1569
G0121,T1598
G0121,T1566
G0091,T1135
G0091,T1003
G0091,T1027
G0091,T1571
G0091,T1057
G0091,T1040
G0091,T1588
G0091,T1615
G0091,T1068
G0091,T1083
G0091,T1217
G0091,T1016
G0091,T1106
G0091,T1543
G0091,T1550
G0091,T1112
G0091,T1484
G0091,T1210
G0091,T1127
G0091,T1119
G0091,T1082
G0091,T1547
G0091,T1573
G0091,T1021
G0091,T1102
G0091,T1072
G0091,T1548
G0091,T1053
G0091,T1553
G0091,T1033
G0091,T1485
G0091,T1036
G0091,T1567
G0091,T1047
G0091,T1552
G0091,T1218
G0091,T1105
G0091,T1555
G0091,T1482
G0091,T1204
G0091,T1136
G0091,T1071
G0091,T1049
G0091,T1115
G0091,T1070
G0091,T1078
G0091,T1059
G0091,T1018
G0091,T1087
G0091,T1557
G0091,T1020
G0091,T1558
G0091,T1518
G0091,T1055
G0091,T1574
G0091,T1041
G0091,T1560
G0091,T1113
G0091,T1114
G0091,T1090
G0091,T1546
G0091,T1046
G0091,T1134
G0091,T1569
G0091,T1056
G0091,T1125
G0091,T1566
G0122,T1594
G0122,T1583
G0122,T1110
G0122,T1114
G0122,T1589
G0122,T1588
G0122,T1608
G0122,T1078
G0122,T1598
G0122,T1585
G0083,T1027
G0083,T1123
G0083,T1057
G0083,T1620
G0083,T1497
G0083,T1074
G0083,T1564
G0083,T1083
G0083,T1016
G0083,T1106
G0083,T1543
G0083,T1203
G0083,T1112
G0083,T1119
G0083,T1082
G0083,T1547
G0083,T1573
G0083,T1021
G0083,T1102
G0083,T1185
G0083,T1548
G0083,T1053
G0083,T1033
G0083,T1036
G0083,T1047
G0083,T1552
G0083,T1218
G0083,T1105
G0083,T1555
G0083,T1048
G0083,T1204
G0083,T1049
G0083,T1071
G0083,T1115
G0083,T1070
G0083,T1059
G0083,T1087
G0083,T1562
G0083,T1124
G0083,T1010
G0083,T1055
G0083,T1041
G0083,T1560
G0083,T1113
G0083,T1090
G0083,T1140
G0083,T1095
G0083,T1056
G0083,T1125
G0083,T1566
G0054,T1135
G0054,T1132
G0054,T1082
G0054,T1033
G0054,T1003
G0054,T1036
G0054,T1016
G0054,T1560
G0054,T1105
G0054,T1039
G0054,T1573
G0054,T1071
G0054,T1083
G0054,T1140
G0054,T1059
G0054,T1056
G0054,T1518
G0038,T1082
G0038,T1033
G0038,T1016
G0038,T1012
G0038,T1047
G0038,T1057
G0038,T1041
G0038,T1573
G0038,T1555
G0038,T1071
G0038,T1005
G0038,T1059
G0038,T1053
G0041,T1556
G0041,T1003
G0041,T1027
G0041,T1057
G0041,T1564
G0041,T1068
G0041,T1083
G0041,T1016
G0041,T1082
G0041,T1053
G0041,T1033
G0041,T1036
G0041,T1105
G0041,T1025
G0041,T1048
G0041,T1049
G0041,T1071
G0041,T1070
G0041,T1018
G0041,T1518
G0041,T1087
G0041,T1562
G0041,T1055
G0041,T1090
G0041,T1052
G0041,T1046
G0041,T1095
G0041,T1056
G0039,T1003
G0039,T1036
G0039,T1105
G0039,T1046
G0039,T1078
G0039,T1059
G0039,T1543
G0039,T1553
G0062,T1135
G0062,T1012
G0062,T1027
G0062,T1057
G0062,T1497
G0062,T1564
G0062,T1083
G0062,T1016
G0062,T1026
G0062,T1106
G0062,T1543
G0062,T1203
G0062,T1112
G0062,T1127
G0062,T1132
G0062,T1082
G0062,T1547
G0062,T1573
G0062,T1102
G0062,T1548
G0062,T1001
G0062,T1036
G0062,T1218
G0062,T1568
G0062,T1105
G0062,T1204
G0062,T1049
G0062,T1071
G0062,T1070
G0062,T1059
G0062,T1129
G0062,T1010
G0062,T1055
G0062,T1574
G0062,T1113
G0062,T1140
G0062,T1095
G0062,T1569
G0062,T1056
G0062,T1566
G0092,T1559
G0092,T1615
G0092,T1068
G0092,T1083
G0092,T1550
G0092,T1210
G0092,T1547
G0092,T1033
G0092,T1552
G0092,T1105
G0092,T1489
G0092,T1007
G0092,T1070
G0092,T1018
G0092,T1087
G0092,T1055
G0092,T1029
G0092,T1113
G0092,T1201
G0092,T1034
G0092,T1608
G0092,T1056
G0092,T1566
G0092,T1571
G0092,T1588
G0092,T1620
G0092,T1203
G0092,T1573
G0092,T1542
G0092,T1185
G0092,T1548
G0092,T1001
G0092,T1218
G0092,T1204
G0092,T1071
G0092,T1486
G0092,T1558
G0092,T1124
G0092,T1562
G0092,T1560
G0092,T1140
G0092,T1134
G0092,T1012
G0092,T1027
G0092,T1490
G0092,T1030
G0092,T1112
G0092,T1132
G0092,T1583
G0092,T1082
G0092,T1005
G0092,T1098
G0092,T1053
G0092,T1036
G0092,T1047
G0092,T1568
G0092,T1649
G0092,T1008
G0092,T1207
G0092,T1078
G0092,T1059
G0092,T1518
G0092,T1041
G0092,T1090
G0092,T1546
G0092,T1572
G0092,T1095
G0092,T1569
G0092,T1135
G0092,T1003
G0092,T1123
G0092,T1057
G0092,T1137
G0092,T1497
G0092,T1564
G0092,T1495
G0092,T1069
G0092,T1016
G0092,T1026
G0092,T1106
G0092,T1543
G0092,T1197
G0092,T1110
G0092,T1120
G0092,T1021
G0092,T1219
G0092,T1553
G0092,T1614
G0092,T1555
G0092,T1482
G0092,T1136
G0092,T1049
G0092,T1115
G0092,T1574
G0092,T1046
G0092,T1125
G0127,T1559
G0127,T1135
G0127,T1012
G0127,T1027
G0127,T1057
G0127,T1497
G0127,T1074
G0127,T1564
G0127,T1083
G0127,T1069
G0127,T1016
G0127,T1106
G0127,T1543
G0127,T1112
G0127,T1210
G0127,T1132
G0127,T1119
G0127,T1082
G0127,T1110
G0127,T1547
G0127,T1573
G0127,T1120
G0127,T1005
G0127,T1185
G0127,T1053
G0127,T1553
G0127,T1033
G0127,T1036
G0127,T1218
G0127,T1047
G0127,T1568
G0127,T1105
G0127,T1552
G0127,T1555
G0127,T1589
G0127,T1104
G0127,T1204
G0127,T1008
G0127,T1007
G0127,T1071
G0127,T1049
G0127,T1070
G0127,T1482
G0127,T1059
G0127,T1539
G0127,T1018
G0127,T1087
G0127,T1518
G0127,T1124
G0127,T1562
G0127,T1010
G0127,T1055
G0127,T1041
G0127,T1113
G0127,T1114
G0127,T1090
G0127,T1091
G0127,T1572
G0127,T1080
G0127,T1140
G0127,T1095
G0127,T1056
G0127,T1566
G0139,T1003
G0139,T1027
G0139,T1057
G0139,T1587
G0139,T1074
G0139,T1595
G0139,T1068
G0139,T1083
G0139,T1016
G0139,T1014
G0139,T1543
G0139,T1550
G0139,T1528
G0139,T1583
G0139,T1082
G0139,T1547
G0139,T1222
G0139,T1120
G0139,T1021
G0139,T1102
G0139,T1613
G0139,T1219
G0139,T1610
G0139,T1133
G0139,T1098
G0139,T1036
G0139,T1552
G0139,T1105
G0139,T1555
G0139,T1048
G0139,T1204
G0139,T1136
G0139,T1007
G0139,T1071
G0139,T1609
G0139,T1070
G0139,T1078
G0139,T1059
G0139,T1049
G0139,T1496
G0139,T1518
G0139,T1562
G0139,T1574
G0139,T1530
G0139,T1611
G0139,T1046
G0139,T1608
G0139,T1140
G0139,T1569
G0139,T1619
G0088,T0845
G0088,T1003
G0088,T1027
G0088,T1571
G0088,T1588
G0088,T0817
G0088,T1074
G0088,T0868
G0088,T0885
G0088,T0871
G0088,T1543
G0088,T1550
G0088,T0821
G0088,T1583
G0088,T0858
G0088,T1547
G0088,T0853
G0088,T0843
G0088,T0859
G0088,T0862
G0088,T1021
G0088,T1133
G0088,T1098
G0088,T0857
G0088,T1570
G0088,T0834
G0088,T1053
G0088,T1505
G0088,T0872
G0088,T0849
G0088,T1036
G0088,T1552
G0088,T0890
G0088,T1649
G0088,T0874
G0088,T1555
G0088,T0820
G0088,T1136
G0088,T0869
G0088,T1207
G0088,T0846
G0088,T1070
G0088,T1059
G0088,T1078
G0088,T1018
G0088,T1558
G0088,T0886
G0088,T0880
G0088,T1546
G0088,T1134
G0088,T1569
G0089,T1003
G0089,T1027
G0089,T1057
G0089,T1202
G0089,T1123
G0089,T1564
G0089,T1074
G0089,T1083
G0089,T1016
G0089,T1106
G0089,T1543
G0089,T1203
G0089,T1112
G0089,T1132
G0089,T1082
G0089,T1119
G0089,T1547
G0089,T1573
G0089,T1021
G0089,T1102
G0089,T1053
G0089,T1033
G0089,T1036
G0089,T1218
G0089,T1105
G0089,T1555
G0089,T1204
G0089,T1049
G0089,T1071
G0089,T1070
G0089,T1059
G0089,T1518
G0089,T1124
G0089,T1010
G0089,T1055
G0089,T1560
G0089,T1113
G0089,T1090
G0089,T1095
G0089,T1056
G0089,T1125
G0089,T1566
G0028,T1069
G0028,T1135
G0028,T1124
G0028,T1201
G0028,T1570
G0028,T1136
G0028,T1072
G0028,T1021
G0028,T1007
G0028,T1070
G0028,T1078
G0028,T1059
G0028,T1018
G0028,T1569
G0028,T1049
G0028,T1543
G0028,T1087
G0027,T1074
G0027,T1068
G0027,T1083
G0027,T1550
G0027,T1210
G0027,T1547
G0027,T1505
G0027,T1033
G0027,T1552
G0027,T1105
G0027,T1007
G0027,T1070
G0027,T1018
G0027,T1087
G0027,T1055
G0027,T1029
G0027,T1499
G0027,T1113
G0027,T1201
G0027,T1608
G0027,T1056
G0027,T1566
G0027,T1571
G0027,T1588
G0027,T1620
G0027,T1203
G0027,T1199
G0027,T1573
G0027,T1189
G0027,T1133
G0027,T1185
G0027,T1548
G0027,T1001
G0027,T1218
G0027,T1190
G0027,T1204
G0027,T1071
G0027,T1562
G0027,T1124
G0027,T1558
G0027,T1560
G0027,T1140
G0027,T1134
G0027,T1012
G0027,T1027
G0027,T1030
G0027,T1195
G0027,T1112
G0027,T1132
G0027,T1082
G0027,T1005
G0027,T1098
G0027,T1053
G0027,T1036
G0027,T1567
G0027,T1047
G0027,T1568
G0027,T1649
G0027,T1207
G0027,T1078
G0027,T1059
G0027,T1129
G0027,T1557
G0027,T1518
G0027,T1090
G0027,T1572
G0027,T1095
G0027,T1569
G0027,T1135
G0027,T1003
G0027,T1057
G0027,T1040
G0027,T1137
G0027,T1497
G0027,T1564
G0027,T1069
G0027,T1016
G0027,T1026
G0027,T1106
G0027,T1543
G0027,T1127
G0027,T1119
G0027,T1197
G0027,T1110
G0027,T1021
G0027,T1102
G0027,T1205
G0027,T1553
G0027,T1555
G0027,T1136
G0027,T1049
G0027,T1115
G0027,T1574
G0027,T1046
G0027,T1125
G0076,T1003
G0076,T1588
G0076,T1074
G0076,T1016
G0076,T1543
G0076,T1550
G0076,T1112
G0076,T1547
G0076,T1021
G0076,T1219
G0076,T1098
G0076,T1570
G0076,T1036
G0076,T1552
G0076,T1649
G0076,T1555
G0076,T1048
G0076,T1136
G0076,T1207
G0076,T1115
G0076,T1059
G0076,T1558
G0076,T1010
G0076,T1113
G0076,T1134
G0076,T1569
G0076,T1056
G0131,T1135
G0131,T1095
G0131,T1003
G0131,T1012
G0131,T1027
G0131,T1057
G0131,T1040
G0131,T1137
G0131,T1497
G0131,T1068
G0131,T1083
G0131,T1069
G0131,T1016
G0131,T1106
G0131,T1543
G0131,T1550
G0131,T1112
G0131,T1210
G0131,T1203
G0131,T1132
G0131,T1082
G0131,T1547
G0131,T1573
G0131,T1005
G0131,T1098
G0131,T1505
G0131,T1033
G0131,T1036
G0131,T1218
G0131,T1552
G0131,T1568
G0131,T1105
G0131,T1649
G0131,T1555
G0131,T1204
G0131,T1071
G0131,T1207
G0131,T1070
G0131,T1059
G0131,T1018
G0131,T1558
G0131,T1124
G0131,T1055
G0131,T1029
G0131,T1574
G0131,T1041
G0131,T1090
G0131,T1046
G0131,T1140
G0131,T1134
G0131,T1056
G0131,T1566
G0134,T1012
G0134,T1027
G0134,T1571
G0134,T1123
G0134,T1057
G0134,T1497
G0134,T1074
G0134,T1587
G0134,T1564
G0134,T1083
G0134,T1030
G0134,T1016
G0134,T1106
G0134,T1203
G0134,T1112
G0134,T1132
G0134,T1583
G0134,T1082
G0134,T1547
G0134,T1189
G0134,T1120
G0134,T1021
G0134,T1005
G0134,T1033
G0134,T1036
G0134,T1614
G0134,T1568
G0134,T1105
G0134,T1555
G0134,T1025
G0134,T1204
G0134,T1071
G0134,T1115
G0134,T1070
G0134,T1059
G0134,T1018
G0134,T1518
G0134,T1562
G0134,T1020
G0134,T1124
G0134,T1010
G0134,T1041
G0134,T1113
G0134,T1114
G0134,T1608
G0134,T1091
G0134,T1140
G0134,T1095
G0134,T1056
G0134,T1125
G0134,T1566
G0134,T1584
G0081,T1559
G0081,T1135
G0081,T1027
G0081,T1057
G0081,T1221
G0081,T1074
G0081,T1564
G0081,T1083
G0081,T1016
G0081,T1014
G0081,T1106
G0081,T1543
G0081,T1203
G0081,T1112
G0081,T1132
G0081,T1119
G0081,T1197
G0081,T1082
G0081,T1547
G0081,T1573
G0081,T1120
G0081,T1005
G0081,T1570
G0081,T1001
G0081,T1505
G0081,T1033
G0081,T1036
G0081,T1218
G0081,T1568
G0081,T1105
G0081,T1555
G0081,T1048
G0081,T1204
G0081,T1049
G0081,T1071
G0081,T1070
G0081,T1078
G0081,T1059
G0081,T1018
G0081,T1518
G0081,T1087
G0081,T1020
G0081,T1124
G0081,T1010
G0081,T1055
G0081,T1029
G0081,T1574
G0081,T1113
G0081,T1052
G0081,T1046
G0081,T1091
G0081,T1140
G0081,T1095
G0081,T1056
G0081,T1566
G0010,T1559
G0010,T1615
G0010,T1074
G0010,T1068
G0010,T1083
G0010,T1550
G0010,T1210
G0010,T1547
G0010,T1570
G0010,T1505
G0010,T1033
G0010,T1552
G0010,T1105
G0010,T1007
G0010,T1070
G0010,T1018
G0010,T1087
G0010,T1055
G0010,T1029
G0010,T1113
G0010,T1201
G0010,T1056
G0010,T1566
G0010,T1213
G0010,T1588
G0010,T1587
G0010,T1217
G0010,T1573
G0010,T1189
G0010,T1548
G0010,T1001
G0010,T1218
G0010,T1048
G0010,T1204
G0010,T1071
G0010,T1558
G0010,T1124
G0010,T1562
G0010,T1560
G0010,T1140
G0010,T1134
G0010,T1012
G0010,T1027
G0010,T1112
G0010,T1484
G0010,T1132
G0010,T1082
G0010,T1583
G0010,T1005
G0010,T1098
G0010,T1053
G0010,T1036
G0010,T1567
G0010,T1047
G0010,T1649
G0010,T1025
G0010,T1008
G0010,T1207
G0010,T1078
G0010,T1059
G0010,T1518
G0010,T1557
G0010,T1010
G0010,T1041
G0010,T1090
G0010,T1546
G0010,T1095
G0010,T1569
G0010,T1584
G0010,T1135
G0010,T1003
G0010,T1057
G0010,T1040
G0010,T1564
G0010,T1069
G0010,T1016
G0010,T1014
G0010,T1106
G0010,T1543
G0010,T1565
G0010,T1127
G0010,T1119
G0010,T1110
G0010,T1222
G0010,T1120
G0010,T1021
G0010,T1102
G0010,T1205
G0010,T1553
G0010,T1485
G0010,T1555
G0010,T1482
G0010,T1136
G0010,T1049
G0010,T1115
G0010,T1020
G0010,T1574
G0010,T1114
G0010,T1046
G0010,T1125
G0123,T1057
G0123,T1564
G0123,T1595
G0123,T1083
G0123,T1069
G0123,T1016
G0123,T1014
G0123,T1106
G0123,T1112
G0123,T1082
G0123,T1110
G0123,T1573
G0123,T1005
G0123,T1505
G0123,T1033
G0123,T1190
G0123,T1105
G0123,T1025
G0123,T1071
G0123,T1007
G0123,T1115
G0123,T1059
G0123,T1041
G0123,T1046
G0123,T1056
G0107,T1059
G0107,T1003
G0107,T1036
G0107,T1574
G0107,T1027
G0107,T1547
G0107,T1552
G0107,T1105
G0107,T1649
G0107,T1588
G0107,T1555
G0107,T1204
G0107,T1207
G0107,T1068
G0107,T1098
G0107,T1134
G0107,T1550
G0107,T1558
G0124,T1556
G0124,T1027
G0124,T1083
G0124,T1014
G0124,T1132
G0124,T1082
G0124,T1573
G0124,T1189
G0124,T1554
G0124,T1005
G0124,T1553
G0124,T1552
G0124,T1568
G0124,T1008
G0124,T1071
G0124,T1059
G0124,T1518
G0124,T1562
G0124,T1020
G0124,T1574
G0124,T1041
G0124,T1090
G0124,T1140
G0112,T1027
G0112,T1057
G0112,T1429
G0112,T1564
G0112,T1406
G0112,T1083
G0112,T1430
G0112,T1106
G0112,T1627
G0112,T1082
G0112,T1119
G0112,T1636
G0112,T1547
G0112,T1189
G0112,T1521
G0112,T1512
G0112,T1033
G0112,T1533
G0112,T1036
G0112,T1420
G0112,T1047
G0112,T1105
G0112,T1632
G0112,T1048
G0112,T1426
G0112,T1204
G0112,T1071
G0112,T1070
G0112,T1059
G0112,T1518
G0112,T1124
G0112,T1417
G0112,T1633
G0112,T1560
G0112,T1407
G0112,T1140
G0112,T1566
G0044,T1135
G0044,T1095
G0044,T1012
G0044,T1027
G0044,T1057
G0044,T1497
G0044,T1564
G0044,T1083
G0044,T1016
G0044,T1026
G0044,T1014
G0044,T1106
G0044,T1543
G0044,T1112
G0044,T1127
G0044,T1082
G0044,T1583
G0044,T1547
G0044,T1573
G0044,T1102
G0044,T1548
G0044,T1553
G0044,T1036
G0044,T1218
G0044,T1105
G0044,T1008
G0044,T1049
G0044,T1071
G0044,T1070
G0044,T1059
G0044,T1129
G0044,T1518
G0044,T1124
G0044,T1055
G0044,T1574
G0044,T1113
G0044,T1090
G0044,T1480
G0044,T1140
G0044,T1134
G0044,T1569
G0044,T1056
G0090,T1135
G0090,T1003
G0090,T1012
G0090,T1027
G0090,T1571
G0090,T1057
G0090,T1040
G0090,T1588
G0090,T1615
G0090,T1497
G0090,T1068
G0090,T1083
G0090,T1217
G0090,T1016
G0090,T1106
G0090,T1543
G0090,T1550
G0090,T1112
G0090,T1484
G0090,T1210
G0090,T1127
G0090,T1119
G0090,T1082
G0090,T1547
G0090,T1573
G0090,T1120
G0090,T1021
G0090,T1102
G0090,T1548
G0090,T1053
G0090,T1033
G0090,T1036
G0090,T1567
G0090,T1047
G0090,T1552
G0090,T1218
G0090,T1105
G0090,T1555
G0090,T1482
G0090,T1204
G0090,T1136
G0090,T1071
G0090,T1049
G0090,T1115
G0090,T1070
G0090,T1059
G0090,T1087
G0090,T1557
G0090,T1020
G0090,T1558
G0090,T1518
G0090,T1055
G0090,T1574
G0090,T1041
G0090,T1560
G0090,T1113
G0090,T1114
G0090,T1546
G0090,T1046
G0090,T1140
G0090,T1134
G0090,T1569
G0090,T1056
G0090,T1125
G0090,T1566
G0102,T1559
G0102,T1615
G0102,T1074
G0102,T1068
G0102,T1083
G0102,T1550
G0102,T1210
G0102,T1547
G0102,T1570
G0102,T1033
G0102,T0828
G0102,T1552
G0102,T1105
G0102,T1489
G0102,T1007
G0102,T1070
G0102,T1018
G0102,T1087
G0102,T1055
G0102,T1029
G0102,T1113
G0102,T1201
G0102,T1056
G0102,T1566
G0102,T1571
G0102,T1588
G0102,T1620
G0102,T1217
G0102,T1203
G0102,T1573
G0102,T1133
G0102,T1542
G0102,T1185
G0102,T1548
G0102,T1001
G0102,T1218
G0102,T1048
G0102,T1104
G0102,T1204
G0102,T1071
G0102,T1486
G0102,T1558
G0102,T1124
G0102,T1562
G0102,T1560
G0102,T1140
G0102,T1134
G0102,T1012
G0102,T1027
G0102,T1490
G0102,T1030
G0102,T1112
G0102,T1484
G0102,T1132
G0102,T1082
G0102,T1005
G0102,T1098
G0102,T1053
G0102,T1036
G0102,T1567
G0102,T1047
G0102,T1568
G0102,T1649
G0102,T1008
G0102,T1207
G0102,T1078
G0102,T1059
G0102,T1518
G0102,T1557
G0102,T1041
G0102,T1090
G0102,T1546
G0102,T1572
G0102,T1095
G0102,T1569
G0102,T1135
G0102,T1003
G0102,T1057
G0102,T1040
G0102,T1137
G0102,T1497
G0102,T1564
G0102,T1495
G0102,T1069
G0102,T1016
G0102,T1026
G0102,T1106
G0102,T1543
G0102,T1127
G0102,T1119
G0102,T1197
G0102,T1110
G0102,T1222
G0102,T1021
G0102,T1102
G0102,T1219
G0102,T1205
G0102,T1553
G0102,T1614
G0102,T1555
G0102,T1482
G0102,T1136
G0102,T1049
G0102,T1115
G0102,T1020
G0102,T1574
G0102,T1114
G0102,T1046
G0102,T1080
G0102,T1125
G0128,T1012
G0128,T1027
G0128,T1068
G0128,T1016
G0128,T1082
G0128,T1583
G0128,T1547
G0128,T1573
G0128,T1102
G0128,T1033
G0128,T1036
G0128,T1567
G0128,T1218
G0128,T1105
G0128,T1555
G0128,T1204
G0128,T1059
G0128,T1124
G0128,T1041
G0128,T1140
G0128,T1598
G0128,T1566
